<?xml version="1.0" encoding="UTF-8" ?>
<!DOCTYPE generatorConfiguration
		PUBLIC "-//mybatis.org//DTD MyBatis Generator Configuration 1.0//EN"
		"http://mybatis.org/dtd/mybatis-generator-config_1_0.dtd">
<generatorConfiguration>
	<properties resource="application.properties"/>
	<classPathEntry location="/"/>
	<context id="DB2Tables" targetRuntime="MyBatis3">
		<commentGenerator>
			<property name="suppressDate" value="true"/>
			<property name="suppressAllComments" value="true"/>
		</commentGenerator>
		<jdbcConnection driverClass="com.mysql.cj.jdbc.Driver"
						connectionURL="${spring.datasource.url}"
						userId="${spring.datasource.username}"
						password="${spring.datasource.password}">
		</jdbcConnection>
		<javaTypeResolver>
			<property name="forceBigDecimals" value="false"/>
		</javaTypeResolver>
		<javaModelGenerator targetPackage="com.softwareTest.timeline.Entity" targetProject="src/main/java">
			<property name="enableSubPackages" value="true"/>
			<property name="constructorBased" value="true"/>
			<property name="trimStrings" value="true"/>
		</javaModelGenerator>
		<sqlMapGenerator targetPackage="mapper" targetProject="src/main/resources">
			<property name="enableSubPackages" value="false"/>
		</sqlMapGenerator>
		<javaClientGenerator type="XMLMAPPER" targetPackage="com.softwareTest.timeline.Mapper" targetProject="src/main/java">
			<property name="enableSubPackages" value="true"/>
		</javaClientGenerator>
		<table tableName="UserInfo" domainObjectName="UserInfo" enableCountByExample="false" enableDeleteByExample="false"
		enableSelectByExample="false" enableUpdateByExample="false" >
		</table>
		<table tableName="Content" domainObjectName="Content" enableCountByExample="false" enableDeleteByExample="false"
			   enableSelectByExample="false" enableUpdateByExample="false" >
		</table>
	</context>
</generatorConfiguration>