<problems>
  <problem>
  <file>file://$PROJECT_DIR$/src/test/java/com/softwareTest/timeline/Controller/ContentApiControllerTest.java</file>
  <line>154</line>
  <module>timeline</module>
  <package>com.softwareTest.timeline.Controller</package>
  <entry_point TYPE="method" FQNAME="com.softwareTest.timeline.Controller.ContentApiControllerTest void test_createContent_contentExceed()" />
  <problem_class severity="WARNING" attribute_key="WARNING_ATTRIBUTES">Call to 'Arrays.asList()' with too few arguments</problem_class>
  <description>Call to &lt;code&gt;asList&lt;/code&gt; with only one argument #loc</description>
</problem>
  <problem>
  <file>file://$PROJECT_DIR$/src/test/java/com/softwareTest/timeline/Controller/ContentApiControllerTest.java</file>
  <line>119</line>
  <module>timeline</module>
  <package>com.softwareTest.timeline.Controller</package>
  <entry_point TYPE="method" FQNAME="com.softwareTest.timeline.Controller.ContentApiControllerTest void test_createContent_AND_deleteContentById_success()" />
  <problem_class severity="WARNING" attribute_key="WARNING_ATTRIBUTES">Call to 'Arrays.asList()' with too few arguments</problem_class>
  <description>Call to &lt;code&gt;asList&lt;/code&gt; with only one argument #loc</description>
</problem>
  <problem>
  <file>file://$PROJECT_DIR$/src/test/java/com/softwareTest/timeline/Controller/RegisterControllerTest.java</file>
  <line>73</line>
  <module>timeline</module>
  <package>com.softwareTest.timeline.Controller</package>
  <entry_point TYPE="method" FQNAME="com.softwareTest.timeline.Controller.RegisterControllerTest void test_registerNewAccount_usernameExceed()" />
  <problem_class severity="WARNING" attribute_key="WARNING_ATTRIBUTES">Call to 'Arrays.asList()' with too few arguments</problem_class>
  <description>Call to &lt;code&gt;asList&lt;/code&gt; with only one argument #loc</description>
</problem>
  <problem>
  <file>file://$PROJECT_DIR$/src/test/java/com/softwareTest/timeline/Controller/RegisterControllerTest.java</file>
  <line>88</line>
  <module>timeline</module>
  <package>com.softwareTest.timeline.Controller</package>
  <entry_point TYPE="method" FQNAME="com.softwareTest.timeline.Controller.RegisterControllerTest void test_registerNewAccount_displayNameExceed()" />
  <problem_class severity="WARNING" attribute_key="WARNING_ATTRIBUTES">Call to 'Arrays.asList()' with too few arguments</problem_class>
  <description>Call to &lt;code&gt;asList&lt;/code&gt; with only one argument #loc</description>
</problem>
</problems>