<problems>
  <problem>
  <file>file://$PROJECT_DIR$/src/main/java/com/softwareTest/timeline/Controller/ContentApiController.java</file>
  <line>45</line>
  <module>timeline</module>
  <package>com.softwareTest.timeline.Controller</package>
  <entry_point TYPE="field" FQNAME="com.softwareTest.timeline.Controller.ContentApiController logger" />
  <problem_class severity="WARNING" attribute_key="WARNING_ATTRIBUTES">Declaration can have final modifier</problem_class>
  <hints />
  <description>Declaration can have final modifier</description>
</problem>
  <problem>
  <file>file://$PROJECT_DIR$/src/main/java/com/softwareTest/timeline/Utility/JwtTokenUtil.java</file>
  <line>24</line>
  <module>timeline</module>
  <package>com.softwareTest.timeline.Utility</package>
  <entry_point TYPE="field" FQNAME="com.softwareTest.timeline.Utility.JwtTokenUtil publicKey" />
  <problem_class severity="WARNING" attribute_key="WARNING_ATTRIBUTES">Declaration can have final modifier</problem_class>
  <hints />
  <description>Declaration can have final modifier</description>
</problem>
  <problem>
  <file>file://$PROJECT_DIR$/src/main/java/com/softwareTest/timeline/Utility/JwtTokenUtil.java</file>
  <line>25</line>
  <module>timeline</module>
  <package>com.softwareTest.timeline.Utility</package>
  <entry_point TYPE="field" FQNAME="com.softwareTest.timeline.Utility.JwtTokenUtil signatureAlgorithm" />
  <problem_class severity="WARNING" attribute_key="WARNING_ATTRIBUTES">Declaration can have final modifier</problem_class>
  <hints />
  <description>Declaration can have final modifier</description>
</problem>
  <problem>
  <file>file://$PROJECT_DIR$/src/main/java/com/softwareTest/timeline/Utility/JwtTokenUtil.java</file>
  <line>21</line>
  <module>timeline</module>
  <package>com.softwareTest.timeline.Utility</package>
  <entry_point TYPE="field" FQNAME="com.softwareTest.timeline.Utility.JwtTokenUtil inputStream" />
  <problem_class severity="WARNING" attribute_key="WARNING_ATTRIBUTES">Declaration can have final modifier</problem_class>
  <hints />
  <description>Declaration can have final modifier</description>
</problem>
  <problem>
  <file>file://$PROJECT_DIR$/src/main/java/com/softwareTest/timeline/Utility/JwtTokenUtil.java</file>
  <line>23</line>
  <module>timeline</module>
  <package>com.softwareTest.timeline.Utility</package>
  <entry_point TYPE="field" FQNAME="com.softwareTest.timeline.Utility.JwtTokenUtil privateKey" />
  <problem_class severity="WARNING" attribute_key="WARNING_ATTRIBUTES">Declaration can have final modifier</problem_class>
  <hints />
  <description>Declaration can have final modifier</description>
</problem>
  <problem>
  <file>file://$PROJECT_DIR$/src/test/java/com/softwareTest/timeline/Controller/ContentApiControllerTest.java</file>
  <line>44</line>
  <module>timeline</module>
  <package>com.softwareTest.timeline.Controller</package>
  <entry_point TYPE="field" FQNAME="com.softwareTest.timeline.Controller.ContentApiControllerTest mapper" />
  <problem_class severity="WARNING" attribute_key="WARNING_ATTRIBUTES">Declaration can have final modifier</problem_class>
  <hints />
  <description>Declaration can have final modifier</description>
</problem>
  <problem>
  <file>file://$PROJECT_DIR$/src/main/java/com/softwareTest/timeline/Controller/RegisterController.java</file>
  <line>25</line>
  <module>timeline</module>
  <package>com.softwareTest.timeline.Controller</package>
  <entry_point TYPE="field" FQNAME="com.softwareTest.timeline.Controller.RegisterController logger" />
  <problem_class severity="WARNING" attribute_key="WARNING_ATTRIBUTES">Declaration can have final modifier</problem_class>
  <hints />
  <description>Declaration can have final modifier</description>
</problem>
</problems>