<problems>
  <problem>
  <file>file://$PROJECT_DIR$/src/main/java/com/softwareTest/timeline/Utility/MybatisGeneratorUtility.java</file>
  <line>35</line>
  <module>timeline</module>
  <package>com.softwareTest.timeline.Utility</package>
  <entry_point TYPE="method" FQNAME="com.softwareTest.timeline.Utility.MybatisGeneratorUtility void generate()" />
  <problem_class severity="WEAK WARNING" attribute_key="INFO_ATTRIBUTES">Constant conditions &amp; exceptions</problem_class>
  <description>Value &lt;code&gt;overwrite&lt;/code&gt; is always 'true'</description>
</problem>
  <problem>
  <file>file://$PROJECT_DIR$/src/main/java/com/softwareTest/timeline/Utility/JwtTokenUtil.java</file>
  <line>89</line>
  <module>timeline</module>
  <package>com.softwareTest.timeline.Utility</package>
  <entry_point TYPE="method" FQNAME="com.softwareTest.timeline.Utility.JwtTokenUtil java.lang.String parseToken(java.lang.String token, java.lang.String salt)" />
  <problem_class severity="WEAK WARNING" attribute_key="INFO_ATTRIBUTES">Constant conditions &amp; exceptions</problem_class>
  <description>Value &lt;code&gt;subject&lt;/code&gt; is always 'null'</description>
</problem>
</problems>