<problems>
  <problem>
  <file>file://$PROJECT_DIR$/src/main/java/com/softwareTest/timeline/Utility/CryptoUtility.java</file>
  <line>69</line>
  <module>timeline</module>
  <package>com.softwareTest.timeline.Utility</package>
  <entry_point TYPE="method" FQNAME="com.softwareTest.timeline.Utility.CryptoUtility java.lang.String AESEncrypt(java.lang.String input, java.lang.String key)" />
  <problem_class severity="WEAK WARNING" attribute_key="INFO_ATTRIBUTES">Duplicated code fragment</problem_class>
  <description>Duplicate code: lines 69-72</description>
</problem>
  <problem>
  <file>file://$PROJECT_DIR$/src/main/java/com/softwareTest/timeline/Utility/CryptoUtility.java</file>
  <line>88</line>
  <module>timeline</module>
  <package>com.softwareTest.timeline.Utility</package>
  <entry_point TYPE="method" FQNAME="com.softwareTest.timeline.Utility.CryptoUtility java.lang.String AESDecrypt(java.lang.String input, java.lang.String key)" />
  <problem_class severity="WEAK WARNING" attribute_key="INFO_ATTRIBUTES">Duplicated code fragment</problem_class>
  <description>Duplicate code: lines 88-91</description>
</problem>
</problems>