<problems>
  <problem>
  <file>file://$PROJECT_DIR$/src/main/java/com/softwareTest/timeline/Config/SpringSecurityConfig.java</file>
  <line>119</line>
  <module>timeline</module>
  <package>com.softwareTest.timeline.Config</package>
  <entry_point TYPE="method" FQNAME="com.softwareTest.timeline.Config.SpringSecurityConfig org.springframework.security.authentication.AuthenticationManager authenticationManagerBean()" />
  <problem_class severity="WARNING" attribute_key="WARNING_ATTRIBUTES">Empty method</problem_class>
  <hints>
    <hint value="false" />
  </hints>
  <description>Method only calls its super</description>
</problem>
</problems>