<problems>
  <problem>
  <file>file://$PROJECT_DIR$/src/main/java/com/softwareTest/timeline/Utility/CryptoUtility.java</file>
  <line>305</line>
  <module>timeline</module>
  <package>com.softwareTest.timeline.Utility</package>
  <entry_point TYPE="method" FQNAME="com.softwareTest.timeline.Utility.CryptoUtility java.lang.String bytesToHex(byte[] bytes)" />
  <problem_class severity="WARNING" attribute_key="WARNING_ATTRIBUTES">'for' loop replaceable with 'foreach'</problem_class>
  <description>&lt;code&gt;for&lt;/code&gt; loop replaceable with 'foreach' #loc</description>
</problem>
</problems>