<problems>
  <problem>
  <file>file://$PROJECT_DIR$/src/main/java/com/softwareTest/timeline/Entity/Content.java</file>
  <line>112</line>
  <module>timeline</module>
  <package>com.softwareTest.timeline.Entity</package>
  <entry_point TYPE="method" FQNAME="com.softwareTest.timeline.Entity.Content int compareTo(com.softwareTest.timeline.Entity.Content another)" />
  <problem_class severity="WARNING" attribute_key="WARNING_ATTRIBUTES">@NotNull/@Nullable problems</problem_class>
  <description>Not annotated parameter overrides @NotNull parameter</description>
</problem>
  <problem>
  <file>file://$PROJECT_DIR$/src/main/java/com/softwareTest/timeline/Config/SpringSecurity/JwtAuthenticationTokenFilter.java</file>
  <line>33</line>
  <module>timeline</module>
  <package>com.softwareTest.timeline.Config.SpringSecurity</package>
  <entry_point TYPE="method" FQNAME="com.softwareTest.timeline.Config.SpringSecurity.JwtAuthenticationTokenFilter void doFilterInternal(javax.servlet.http.HttpServletRequest httpServletRequest, javax.servlet.http.HttpServletResponse httpServletResponse, javax.servlet.FilterChain filterChain)" />
  <problem_class severity="WARNING" attribute_key="WARNING_ATTRIBUTES">@NotNull/@Nullable problems</problem_class>
  <description>Not annotated parameter overrides @NonNullApi parameter</description>
</problem>
  <problem>
  <file>file://$PROJECT_DIR$/src/main/java/com/softwareTest/timeline/Config/SpringSecurity/JwtAuthenticationTokenFilter.java</file>
  <line>33</line>
  <module>timeline</module>
  <package>com.softwareTest.timeline.Config.SpringSecurity</package>
  <entry_point TYPE="method" FQNAME="com.softwareTest.timeline.Config.SpringSecurity.JwtAuthenticationTokenFilter void doFilterInternal(javax.servlet.http.HttpServletRequest httpServletRequest, javax.servlet.http.HttpServletResponse httpServletResponse, javax.servlet.FilterChain filterChain)" />
  <problem_class severity="WARNING" attribute_key="WARNING_ATTRIBUTES">@NotNull/@Nullable problems</problem_class>
  <description>Not annotated parameter overrides @NonNullApi parameter</description>
</problem>
  <problem>
  <file>file://$PROJECT_DIR$/src/main/java/com/softwareTest/timeline/Config/SpringSecurity/JwtAuthenticationTokenFilter.java</file>
  <line>34</line>
  <module>timeline</module>
  <package>com.softwareTest.timeline.Config.SpringSecurity</package>
  <entry_point TYPE="method" FQNAME="com.softwareTest.timeline.Config.SpringSecurity.JwtAuthenticationTokenFilter void doFilterInternal(javax.servlet.http.HttpServletRequest httpServletRequest, javax.servlet.http.HttpServletResponse httpServletResponse, javax.servlet.FilterChain filterChain)" />
  <problem_class severity="WARNING" attribute_key="WARNING_ATTRIBUTES">@NotNull/@Nullable problems</problem_class>
  <description>Not annotated parameter overrides @NonNullApi parameter</description>
</problem>
  <problem>
  <file>file://$PROJECT_DIR$/src/main/java/com/softwareTest/timeline/Utility/SpringUtility.java</file>
  <line>15</line>
  <module>timeline</module>
  <package>com.softwareTest.timeline.Utility</package>
  <entry_point TYPE="method" FQNAME="com.softwareTest.timeline.Utility.SpringUtility void setApplicationContext(org.springframework.context.ApplicationContext applicationContext)" />
  <problem_class severity="WARNING" attribute_key="WARNING_ATTRIBUTES">@NotNull/@Nullable problems</problem_class>
  <description>Not annotated parameter overrides @NonNullApi parameter</description>
</problem>
</problems>