<problems>
  <problem>
  <file>file://$PROJECT_DIR$/src/test/java/com/softwareTest/timeline/Controller/ContentApiControllerTest.java</file>
  <line>103</line>
  <module>timeline</module>
  <package>com.softwareTest.timeline.Controller</package>
  <entry_point TYPE="method" FQNAME="com.softwareTest.timeline.Controller.ContentApiControllerTest void test_getContentBetweenTime_failed()" />
  <problem_class severity="WARNING" attribute_key="NOT_USED_ELEMENT_ATTRIBUTES">Redundant String operation</problem_class>
  <description>Call to &lt;code&gt;toString()&lt;/code&gt; is redundant #loc</description>
</problem>
  <problem>
  <file>file://$PROJECT_DIR$/src/test/java/com/softwareTest/timeline/Controller/ContentApiControllerTest.java</file>
  <line>234</line>
  <module>timeline</module>
  <package>com.softwareTest.timeline.Controller</package>
  <entry_point TYPE="method" FQNAME="com.softwareTest.timeline.Controller.ContentApiControllerTest void test_getContentByIdRange_failed()" />
  <problem_class severity="WARNING" attribute_key="NOT_USED_ELEMENT_ATTRIBUTES">Redundant String operation</problem_class>
  <description>Call to &lt;code&gt;toString()&lt;/code&gt; is redundant #loc</description>
</problem>
</problems>