<problems>
  <problem>
  <file>file://$PROJECT_DIR$/src/main/java/com/softwareTest/timeline/Config/SpringSecurity/AjaxAuthenticationEntryPoint.java</file>
  <line>19</line>
  <module>timeline</module>
  <package>com.softwareTest.timeline.Config.SpringSecurity</package>
  <entry_point TYPE="method" FQNAME="com.softwareTest.timeline.Config.SpringSecurity.AjaxAuthenticationEntryPoint void commence(javax.servlet.http.HttpServletRequest httpServletRequest, javax.servlet.http.HttpServletResponse httpServletResponse, org.springframework.security.core.AuthenticationException e)" />
  <problem_class severity="WARNING" attribute_key="NOT_USED_ELEMENT_ATTRIBUTES">Redundant 'throws' clause</problem_class>
  <hints>
    <hint value="ServletException" />
  </hints>
  <description>The declared exception &lt;code&gt;ServletException&lt;/code&gt; is never thrown</description>
</problem>
  <problem>
  <file>file://$PROJECT_DIR$/src/main/java/com/softwareTest/timeline/Config/SpringSecurity/AjaxAuthenticationFailureHandler.java</file>
  <line>18</line>
  <module>timeline</module>
  <package>com.softwareTest.timeline.Config.SpringSecurity</package>
  <entry_point TYPE="method" FQNAME="com.softwareTest.timeline.Config.SpringSecurity.AjaxAuthenticationFailureHandler void onAuthenticationFailure(javax.servlet.http.HttpServletRequest httpServletRequest, javax.servlet.http.HttpServletResponse httpServletResponse, org.springframework.security.core.AuthenticationException e)" />
  <problem_class severity="WARNING" attribute_key="NOT_USED_ELEMENT_ATTRIBUTES">Redundant 'throws' clause</problem_class>
  <hints>
    <hint value="ServletException" />
  </hints>
  <description>The declared exception &lt;code&gt;ServletException&lt;/code&gt; is never thrown</description>
</problem>
  <problem>
  <file>file://$PROJECT_DIR$/src/main/java/com/softwareTest/timeline/Config/SpringSecurity/AjaxAuthenticationSuccessHandler.java</file>
  <line>45</line>
  <module>timeline</module>
  <package>com.softwareTest.timeline.Config.SpringSecurity</package>
  <entry_point TYPE="method" FQNAME="com.softwareTest.timeline.Config.SpringSecurity.AjaxAuthenticationSuccessHandler void onAuthenticationSuccess(javax.servlet.http.HttpServletRequest httpServletRequest, javax.servlet.http.HttpServletResponse httpServletResponse, org.springframework.security.core.Authentication authentication)" />
  <problem_class severity="WARNING" attribute_key="NOT_USED_ELEMENT_ATTRIBUTES">Redundant 'throws' clause</problem_class>
  <hints>
    <hint value="ServletException" />
  </hints>
  <description>The declared exception &lt;code&gt;ServletException&lt;/code&gt; is never thrown</description>
</problem>
  <problem>
  <file>file://$PROJECT_DIR$/src/main/java/com/softwareTest/timeline/Config/SpringSecurity/AjaxAccessDeniedHandler.java</file>
  <line>19</line>
  <module>timeline</module>
  <package>com.softwareTest.timeline.Config.SpringSecurity</package>
  <entry_point TYPE="method" FQNAME="com.softwareTest.timeline.Config.SpringSecurity.AjaxAccessDeniedHandler void handle(javax.servlet.http.HttpServletRequest httpServletRequest, javax.servlet.http.HttpServletResponse httpServletResponse, org.springframework.security.access.AccessDeniedException e)" />
  <problem_class severity="WARNING" attribute_key="NOT_USED_ELEMENT_ATTRIBUTES">Redundant 'throws' clause</problem_class>
  <hints>
    <hint value="ServletException" />
  </hints>
  <description>The declared exception &lt;code&gt;ServletException&lt;/code&gt; is never thrown</description>
</problem>
  <problem>
  <file>file://$PROJECT_DIR$/src/main/java/com/softwareTest/timeline/Config/SpringSecurityConfig.java</file>
  <line>49</line>
  <module>timeline</module>
  <package>com.softwareTest.timeline.Config</package>
  <entry_point TYPE="method" FQNAME="com.softwareTest.timeline.Config.SpringSecurityConfig void configure(org.springframework.security.config.annotation.authentication.builders.AuthenticationManagerBuilder auth)" />
  <problem_class severity="WARNING" attribute_key="NOT_USED_ELEMENT_ATTRIBUTES">Redundant 'throws' clause</problem_class>
  <hints>
    <hint value="Exception" />
  </hints>
  <description>The declared exception &lt;code&gt;Exception&lt;/code&gt; is never thrown</description>
</problem>
  <problem>
  <file>file://$PROJECT_DIR$/src/main/java/com/softwareTest/timeline/Config/SpringSecurity/AjaxLogoutSuccessHandler.java</file>
  <line>18</line>
  <module>timeline</module>
  <package>com.softwareTest.timeline.Config.SpringSecurity</package>
  <entry_point TYPE="method" FQNAME="com.softwareTest.timeline.Config.SpringSecurity.AjaxLogoutSuccessHandler void onLogoutSuccess(javax.servlet.http.HttpServletRequest httpServletRequest, javax.servlet.http.HttpServletResponse httpServletResponse, org.springframework.security.core.Authentication authentication)" />
  <problem_class severity="WARNING" attribute_key="NOT_USED_ELEMENT_ATTRIBUTES">Redundant 'throws' clause</problem_class>
  <hints>
    <hint value="ServletException" />
  </hints>
  <description>The declared exception &lt;code&gt;ServletException&lt;/code&gt; is never thrown</description>
</problem>
  <problem>
  <file>file://$PROJECT_DIR$/src/test/java/com/softwareTest/timeline/Controller/ContentApiControllerTest.java</file>
  <line>181</line>
  <module>timeline</module>
  <package>com.softwareTest.timeline.Controller</package>
  <entry_point TYPE="method" FQNAME="com.softwareTest.timeline.Controller.ContentApiControllerTest void test_getDetailedContentById_failed()" />
  <problem_class severity="WARNING" attribute_key="NOT_USED_ELEMENT_ATTRIBUTES">Redundant 'throws' clause</problem_class>
  <hints>
    <hint value="Exception" />
  </hints>
  <description>The declared exception &lt;code&gt;Exception&lt;/code&gt; is never thrown</description>
</problem>
  <problem>
  <file>file://$PROJECT_DIR$/src/test/java/com/softwareTest/timeline/Controller/ContentApiControllerTest.java</file>
  <line>163</line>
  <module>timeline</module>
  <package>com.softwareTest.timeline.Controller</package>
  <entry_point TYPE="method" FQNAME="com.softwareTest.timeline.Controller.ContentApiControllerTest void test_getDetailedContentById_success()" />
  <problem_class severity="WARNING" attribute_key="NOT_USED_ELEMENT_ATTRIBUTES">Redundant 'throws' clause</problem_class>
  <hints>
    <hint value="Exception" />
  </hints>
  <description>The declared exception &lt;code&gt;Exception&lt;/code&gt; is never thrown</description>
</problem>
</problems>