<problems>
  <problem>
  <file>file://$PROJECT_DIR$/src/main/java/com/softwareTest/timeline/Controller/ContentApiController.java</file>
  <line>62</line>
  <module>timeline</module>
  <package>com.softwareTest.timeline.Controller</package>
  <entry_point TYPE="method" FQNAME="com.softwareTest.timeline.Controller.ContentApiController java.util.Map&lt;java.lang.String,java.lang.Object&gt; createContent(com.softwareTest.timeline.Entity.Content content, org.springframework.validation.BindingResult errors)" />
  <problem_class severity="WARNING" attribute_key="WARNING_ATTRIBUTES">Stream API call chain can be simplified</problem_class>
  <description>The 'stream().forEach()' chain can be replaced with 'forEach()' (may change semantics)</description>
</problem>
  <problem>
  <file>file://$PROJECT_DIR$/src/main/java/com/softwareTest/timeline/Controller/RegisterController.java</file>
  <line>35</line>
  <module>timeline</module>
  <package>com.softwareTest.timeline.Controller</package>
  <entry_point TYPE="method" FQNAME="com.softwareTest.timeline.Controller.RegisterController java.util.Map&lt;java.lang.String,java.lang.Object&gt; registerNewAccount(com.softwareTest.timeline.Bean.RegisterBean registerBean, org.springframework.validation.BindingResult errors)" />
  <problem_class severity="WARNING" attribute_key="WARNING_ATTRIBUTES">Stream API call chain can be simplified</problem_class>
  <description>The 'stream().forEach()' chain can be replaced with 'forEach()' (may change semantics)</description>
</problem>
</problems>