<problems>
  <problem>
  <file>file://$PROJECT_DIR$/src/main/resources/application.properties</file>
  <line>7</line>
  <package>&lt;default&gt;</package>
  <entry_point TYPE="file" FQNAME="file://$PROJECT_DIR$/src/main/resources/application.properties" />
  <problem_class severity="ERROR" attribute_key="WRONG_REFERENCES_ATTRIBUTES">Spring Boot application.properties</problem_class>
  <description>Cannot resolve class or package 'jdbc'</description>
</problem>
  <problem>
  <file>file://$PROJECT_DIR$/src/main/resources/application.properties</file>
  <line>7</line>
  <package>&lt;default&gt;</package>
  <entry_point TYPE="file" FQNAME="file://$PROJECT_DIR$/src/main/resources/application.properties" />
  <problem_class severity="ERROR" attribute_key="WRONG_REFERENCES_ATTRIBUTES">Spring Boot application.properties</problem_class>
  <description>Cannot resolve class or package 'mysql'</description>
</problem>
  <problem>
  <file>file://$PROJECT_DIR$/src/main/resources/application.properties</file>
  <line>7</line>
  <package>&lt;default&gt;</package>
  <entry_point TYPE="file" FQNAME="file://$PROJECT_DIR$/src/main/resources/application.properties" />
  <problem_class severity="ERROR" attribute_key="WRONG_REFERENCES_ATTRIBUTES">Spring Boot application.properties</problem_class>
  <description>Cannot resolve class or package 'cj'</description>
</problem>
  <problem>
  <file>file://$PROJECT_DIR$/src/main/resources/application.properties</file>
  <line>10</line>
  <package>&lt;default&gt;</package>
  <entry_point TYPE="file" FQNAME="file://$PROJECT_DIR$/src/main/resources/application.properties" />
  <problem_class severity="WARNING" attribute_key="WARNING_ATTRIBUTES">Spring Boot application.properties</problem_class>
  <description>Cannot resolve configuration property 'spring.devtools.restart.enabled'</description>
</problem>
  <problem>
  <file>file://$PROJECT_DIR$/src/main/resources/application.properties</file>
  <line>11</line>
  <package>&lt;default&gt;</package>
  <entry_point TYPE="file" FQNAME="file://$PROJECT_DIR$/src/main/resources/application.properties" />
  <problem_class severity="WARNING" attribute_key="WARNING_ATTRIBUTES">Spring Boot application.properties</problem_class>
  <description>Cannot resolve configuration property 'spring.devtools.restart.additional-paths'</description>
</problem>
</problems>