<problems>
  <problem>
  <file>file://$PROJECT_DIR$/src/main/java/com/softwareTest/timeline/Service/Impl/ContentServiceImpl.java</file>
  <line>19</line>
  <module>timeline</module>
  <package>com.softwareTest.timeline.Service.Impl</package>
  <entry_point TYPE="field" FQNAME="com.softwareTest.timeline.Service.Impl.ContentServiceImpl contentMapper" />
  <problem_class severity="WARNING" attribute_key="WARNING_ATTRIBUTES">Field injection warning</problem_class>
  <description>Field injection is not recommended</description>
</problem>
  <problem>
  <file>file://$PROJECT_DIR$/src/main/java/com/softwareTest/timeline/Service/Impl/UserInfoServiceImpl.java</file>
  <line>23</line>
  <module>timeline</module>
  <package>com.softwareTest.timeline.Service.Impl</package>
  <entry_point TYPE="field" FQNAME="com.softwareTest.timeline.Service.Impl.UserInfoServiceImpl userInfoMapper" />
  <problem_class severity="WARNING" attribute_key="WARNING_ATTRIBUTES">Field injection warning</problem_class>
  <description>Field injection is not recommended</description>
</problem>
  <problem>
  <file>file://$PROJECT_DIR$/src/main/java/com/softwareTest/timeline/Controller/ContentApiController.java</file>
  <line>39</line>
  <module>timeline</module>
  <package>com.softwareTest.timeline.Controller</package>
  <entry_point TYPE="field" FQNAME="com.softwareTest.timeline.Controller.ContentApiController contentMapper" />
  <problem_class severity="WARNING" attribute_key="WARNING_ATTRIBUTES">Field injection warning</problem_class>
  <description>Field injection is not recommended</description>
</problem>
  <problem>
  <file>file://$PROJECT_DIR$/src/main/java/com/softwareTest/timeline/Controller/ContentApiController.java</file>
  <line>42</line>
  <module>timeline</module>
  <package>com.softwareTest.timeline.Controller</package>
  <entry_point TYPE="field" FQNAME="com.softwareTest.timeline.Controller.ContentApiController userInfoMapper" />
  <problem_class severity="WARNING" attribute_key="WARNING_ATTRIBUTES">Field injection warning</problem_class>
  <description>Field injection is not recommended</description>
</problem>
  <problem>
  <file>file://$PROJECT_DIR$/src/main/java/com/softwareTest/timeline/Controller/ContentApiController.java</file>
  <line>36</line>
  <module>timeline</module>
  <package>com.softwareTest.timeline.Controller</package>
  <entry_point TYPE="field" FQNAME="com.softwareTest.timeline.Controller.ContentApiController contentService" />
  <problem_class severity="WARNING" attribute_key="WARNING_ATTRIBUTES">Field injection warning</problem_class>
  <description>Field injection is not recommended</description>
</problem>
  <problem>
  <file>file://$PROJECT_DIR$/src/main/java/com/softwareTest/timeline/Config/SpringSecurityConfig.java</file>
  <line>27</line>
  <module>timeline</module>
  <package>com.softwareTest.timeline.Config</package>
  <entry_point TYPE="field" FQNAME="com.softwareTest.timeline.Config.SpringSecurityConfig authenticationFailureHandler" />
  <problem_class severity="WARNING" attribute_key="WARNING_ATTRIBUTES">Field injection warning</problem_class>
  <description>Field injection is not recommended</description>
</problem>
  <problem>
  <file>file://$PROJECT_DIR$/src/main/java/com/softwareTest/timeline/Config/SpringSecurityConfig.java</file>
  <line>39</line>
  <module>timeline</module>
  <package>com.softwareTest.timeline.Config</package>
  <entry_point TYPE="field" FQNAME="com.softwareTest.timeline.Config.SpringSecurityConfig customUserDetailsService" />
  <problem_class severity="WARNING" attribute_key="WARNING_ATTRIBUTES">Field injection warning</problem_class>
  <description>Field injection is not recommended</description>
</problem>
  <problem>
  <file>file://$PROJECT_DIR$/src/main/java/com/softwareTest/timeline/Config/SpringSecurityConfig.java</file>
  <line>21</line>
  <module>timeline</module>
  <package>com.softwareTest.timeline.Config</package>
  <entry_point TYPE="field" FQNAME="com.softwareTest.timeline.Config.SpringSecurityConfig authenticationEntryPoint" />
  <problem_class severity="WARNING" attribute_key="WARNING_ATTRIBUTES">Field injection warning</problem_class>
  <description>Field injection is not recommended</description>
</problem>
  <problem>
  <file>file://$PROJECT_DIR$/src/main/java/com/softwareTest/timeline/Config/SpringSecurityConfig.java</file>
  <line>24</line>
  <module>timeline</module>
  <package>com.softwareTest.timeline.Config</package>
  <entry_point TYPE="field" FQNAME="com.softwareTest.timeline.Config.SpringSecurityConfig authenticationSuccessHandler" />
  <problem_class severity="WARNING" attribute_key="WARNING_ATTRIBUTES">Field injection warning</problem_class>
  <description>Field injection is not recommended</description>
</problem>
  <problem>
  <file>file://$PROJECT_DIR$/src/main/java/com/softwareTest/timeline/Config/SpringSecurityConfig.java</file>
  <line>36</line>
  <module>timeline</module>
  <package>com.softwareTest.timeline.Config</package>
  <entry_point TYPE="field" FQNAME="com.softwareTest.timeline.Config.SpringSecurityConfig provider" />
  <problem_class severity="WARNING" attribute_key="WARNING_ATTRIBUTES">Field injection warning</problem_class>
  <description>Field injection is not recommended</description>
</problem>
  <problem>
  <file>file://$PROJECT_DIR$/src/main/java/com/softwareTest/timeline/Config/SpringSecurityConfig.java</file>
  <line>42</line>
  <module>timeline</module>
  <package>com.softwareTest.timeline.Config</package>
  <entry_point TYPE="field" FQNAME="com.softwareTest.timeline.Config.SpringSecurityConfig jwtAuthenticationTokenFilter" />
  <problem_class severity="WARNING" attribute_key="WARNING_ATTRIBUTES">Field injection warning</problem_class>
  <description>Field injection is not recommended</description>
</problem>
  <problem>
  <file>file://$PROJECT_DIR$/src/main/java/com/softwareTest/timeline/Config/SpringSecurityConfig.java</file>
  <line>30</line>
  <module>timeline</module>
  <package>com.softwareTest.timeline.Config</package>
  <entry_point TYPE="field" FQNAME="com.softwareTest.timeline.Config.SpringSecurityConfig logoutSuccessHandler" />
  <problem_class severity="WARNING" attribute_key="WARNING_ATTRIBUTES">Field injection warning</problem_class>
  <description>Field injection is not recommended</description>
</problem>
  <problem>
  <file>file://$PROJECT_DIR$/src/main/java/com/softwareTest/timeline/Config/SpringSecurityConfig.java</file>
  <line>33</line>
  <module>timeline</module>
  <package>com.softwareTest.timeline.Config</package>
  <entry_point TYPE="field" FQNAME="com.softwareTest.timeline.Config.SpringSecurityConfig accessDeniedHandler" />
  <problem_class severity="WARNING" attribute_key="WARNING_ATTRIBUTES">Field injection warning</problem_class>
  <description>Field injection is not recommended</description>
</problem>
  <problem>
  <file>file://$PROJECT_DIR$/src/main/java/com/softwareTest/timeline/Config/SpringSecurityConfig.java</file>
  <line>45</line>
  <module>timeline</module>
  <package>com.softwareTest.timeline.Config</package>
  <entry_point TYPE="field" FQNAME="com.softwareTest.timeline.Config.SpringSecurityConfig corsFilter" />
  <problem_class severity="WARNING" attribute_key="WARNING_ATTRIBUTES">Field injection warning</problem_class>
  <description>Field injection is not recommended</description>
</problem>
  <problem>
  <file>file://$PROJECT_DIR$/src/main/java/com/softwareTest/timeline/Config/SpringSecurity/CustomAuthenticationProvider.java</file>
  <line>20</line>
  <module>timeline</module>
  <package>com.softwareTest.timeline.Config.SpringSecurity</package>
  <entry_point TYPE="field" FQNAME="com.softwareTest.timeline.Config.SpringSecurity.CustomAuthenticationProvider userDetailsService" />
  <problem_class severity="WARNING" attribute_key="WARNING_ATTRIBUTES">Field injection warning</problem_class>
  <description>Field injection is not recommended</description>
</problem>
  <problem>
  <file>file://$PROJECT_DIR$/src/main/java/com/softwareTest/timeline/Config/SpringSecurity/CustomUserDetailsService.java</file>
  <line>20</line>
  <module>timeline</module>
  <package>com.softwareTest.timeline.Config.SpringSecurity</package>
  <entry_point TYPE="field" FQNAME="com.softwareTest.timeline.Config.SpringSecurity.CustomUserDetailsService userInfoService" />
  <problem_class severity="WARNING" attribute_key="WARNING_ATTRIBUTES">Field injection warning</problem_class>
  <description>Field injection is not recommended</description>
</problem>
  <problem>
  <file>file://$PROJECT_DIR$/src/main/java/com/softwareTest/timeline/Config/SpringSecurity/JwtAuthenticationTokenFilter.java</file>
  <line>29</line>
  <module>timeline</module>
  <package>com.softwareTest.timeline.Config.SpringSecurity</package>
  <entry_point TYPE="field" FQNAME="com.softwareTest.timeline.Config.SpringSecurity.JwtAuthenticationTokenFilter customUserDetailsService" />
  <problem_class severity="WARNING" attribute_key="WARNING_ATTRIBUTES">Field injection warning</problem_class>
  <description>Field injection is not recommended</description>
</problem>
  <problem>
  <file>file://$PROJECT_DIR$/src/main/java/com/softwareTest/timeline/Controller/RegisterController.java</file>
  <line>22</line>
  <module>timeline</module>
  <package>com.softwareTest.timeline.Controller</package>
  <entry_point TYPE="field" FQNAME="com.softwareTest.timeline.Controller.RegisterController userInfoService" />
  <problem_class severity="WARNING" attribute_key="WARNING_ATTRIBUTES">Field injection warning</problem_class>
  <description>Field injection is not recommended</description>
</problem>
</problems>