<problems>
  <problem>
  <file>file://$PROJECT_DIR$/src/main/java/com/softwareTest/timeline/Service/Impl/UserInfoServiceImpl.java</file>
  <line>114</line>
  <module>timeline</module>
  <package>com.softwareTest.timeline.Service.Impl</package>
  <entry_point TYPE="method" FQNAME="com.softwareTest.timeline.Service.Impl.UserInfoServiceImpl boolean checkInfoLegal(com.softwareTest.timeline.Entity.UserInfo userInfo)" />
  <problem_class severity="WARNING" attribute_key="WARNING_ATTRIBUTES">Redundant 'if' statement</problem_class>
  <description>&lt;code&gt;if&lt;/code&gt; statement can be simplified #loc</description>
</problem>
</problems>