<problems>
  <problem>
  <file>file://$PROJECT_DIR$/src/main/java/com/softwareTest/timeline/Utility/Pair.java</file>
  <line>3</line>
  <module>timeline</module>
  <package>com.softwareTest.timeline.Utility</package>
  <entry_point TYPE="class" FQNAME="com.softwareTest.timeline.Utility.Pair" />
  <problem_class severity="WARNING" attribute_key="WARNING_ATTRIBUTES">Type parameter explicitly extends 'java.lang.Object'</problem_class>
  <description>Type parameter &lt;code&gt;K&lt;/code&gt; explicitly extends 'java.lang.Object' #loc</description>
</problem>
  <problem>
  <file>file://$PROJECT_DIR$/src/main/java/com/softwareTest/timeline/Utility/Pair.java</file>
  <line>3</line>
  <module>timeline</module>
  <package>com.softwareTest.timeline.Utility</package>
  <entry_point TYPE="class" FQNAME="com.softwareTest.timeline.Utility.Pair" />
  <problem_class severity="WARNING" attribute_key="WARNING_ATTRIBUTES">Type parameter explicitly extends 'java.lang.Object'</problem_class>
  <description>Type parameter &lt;code&gt;V&lt;/code&gt; explicitly extends 'java.lang.Object' #loc</description>
</problem>
</problems>