<problems>
  <problem>
  <file>file://$PROJECT_DIR$/src/main/java/com/softwareTest/timeline/Config/SpringSecurity/CustomAuthenticationProvider.java</file>
  <line>33</line>
  <module>timeline</module>
  <package>com.softwareTest.timeline.Config.SpringSecurity</package>
  <entry_point TYPE="method" FQNAME="com.softwareTest.timeline.Config.SpringSecurity.CustomAuthenticationProvider org.springframework.security.core.Authentication authenticate(org.springframework.security.core.Authentication authentication)" />
  <problem_class severity="WARNING" attribute_key="WARNING_ATTRIBUTES">Redundant local variable</problem_class>
  <description>Local variable &lt;code&gt;hashedPassword&lt;/code&gt; is redundant #loc</description>
</problem>
</problems>