<problems>
  <problem>
  <file>file://$PROJECT_DIR$/src/main/java/com/softwareTest/timeline/Mapper/UserInfoMapper.java</file>
  <line>15</line>
  <module>timeline</module>
  <package>com.softwareTest.timeline.Mapper</package>
  <entry_point TYPE="method" FQNAME="com.softwareTest.timeline.Mapper.UserInfoMapper int insert(com.softwareTest.timeline.Entity.UserInfo record)" />
  <problem_class severity="WARNING" attribute_key="WARNING_ATTRIBUTES">Method can be void</problem_class>
  <hints />
  <description>Return value of the method is never used</description>
</problem>
  <problem>
  <file>file://$PROJECT_DIR$/src/main/java/com/softwareTest/timeline/Mapper/UserInfoMapper.java</file>
  <line>23</line>
  <module>timeline</module>
  <package>com.softwareTest.timeline.Mapper</package>
  <entry_point TYPE="method" FQNAME="com.softwareTest.timeline.Mapper.UserInfoMapper int updateByPrimaryKey(com.softwareTest.timeline.Entity.UserInfo record)" />
  <problem_class severity="WARNING" attribute_key="WARNING_ATTRIBUTES">Method can be void</problem_class>
  <hints />
  <description>Return value of the method is never used</description>
</problem>
  <problem>
  <file>file://$PROJECT_DIR$/src/main/java/com/softwareTest/timeline/Mapper/UserInfoMapper.java</file>
  <line>13</line>
  <module>timeline</module>
  <package>com.softwareTest.timeline.Mapper</package>
  <entry_point TYPE="method" FQNAME="com.softwareTest.timeline.Mapper.UserInfoMapper int deleteByPrimaryKey(java.lang.Integer userId)" />
  <problem_class severity="WARNING" attribute_key="WARNING_ATTRIBUTES">Method can be void</problem_class>
  <hints />
  <description>Return value of the method is never used</description>
</problem>
  <problem>
  <file>file://$PROJECT_DIR$/src/main/java/com/softwareTest/timeline/Mapper/ContentMapper.java</file>
  <line>16</line>
  <module>timeline</module>
  <package>com.softwareTest.timeline.Mapper</package>
  <entry_point TYPE="method" FQNAME="com.softwareTest.timeline.Mapper.ContentMapper int insert(com.softwareTest.timeline.Entity.Content record)" />
  <problem_class severity="WARNING" attribute_key="WARNING_ATTRIBUTES">Method can be void</problem_class>
  <hints />
  <description>Return value of the method is never used</description>
</problem>
  <problem>
  <file>file://$PROJECT_DIR$/src/main/java/com/softwareTest/timeline/Mapper/ContentMapper.java</file>
  <line>14</line>
  <module>timeline</module>
  <package>com.softwareTest.timeline.Mapper</package>
  <entry_point TYPE="method" FQNAME="com.softwareTest.timeline.Mapper.ContentMapper int deleteByPrimaryKey(java.lang.Integer contentId)" />
  <problem_class severity="WARNING" attribute_key="WARNING_ATTRIBUTES">Method can be void</problem_class>
  <hints />
  <description>Return value of the method is never used</description>
</problem>
  <problem>
  <file>file://$PROJECT_DIR$/src/main/java/com/softwareTest/timeline/Mapper/ContentMapper.java</file>
  <line>26</line>
  <module>timeline</module>
  <package>com.softwareTest.timeline.Mapper</package>
  <entry_point TYPE="method" FQNAME="com.softwareTest.timeline.Mapper.ContentMapper int updateByPrimaryKey(com.softwareTest.timeline.Entity.Content record)" />
  <problem_class severity="WARNING" attribute_key="WARNING_ATTRIBUTES">Method can be void</problem_class>
  <hints />
  <description>Return value of the method is never used</description>
</problem>
</problems>