<problems>
  <problem>
  <file>file://$PROJECT_DIR$/src/main/java/com/softwareTest/timeline/Utility/Pair.java</file>
  <line>14</line>
  <module>timeline</module>
  <package>com.softwareTest.timeline.Utility</package>
  <entry_point TYPE="method" FQNAME="com.softwareTest.timeline.Utility.Pair K getKey()" />
  <problem_class severity="WARNING" attribute_key="NOT_USED_ELEMENT_ATTRIBUTES">unused declaration</problem_class>
  <hints>
    <hint value="comment" />
    <hint value="delete" />
  </hints>
  <description>&lt;ul&gt;&lt;li&gt;Method owner class is never instantiated OR&lt;/li&gt;&lt;li&gt;An instantiation is not reachable from entry points.&lt;/li&gt;&lt;/ul&gt;</description>
</problem>
  <problem>
  <file>file://$PROJECT_DIR$/src/main/java/com/softwareTest/timeline/Utility/Pair.java</file>
  <line>29</line>
  <module>timeline</module>
  <package>com.softwareTest.timeline.Utility</package>
  <entry_point TYPE="method" FQNAME="com.softwareTest.timeline.Utility.Pair void setValue(V value)" />
  <problem_class severity="WARNING" attribute_key="NOT_USED_ELEMENT_ATTRIBUTES">unused declaration</problem_class>
  <hints>
    <hint value="comment" />
    <hint value="delete" />
  </hints>
  <description>&lt;ul&gt;&lt;li&gt;Method owner class is never instantiated OR&lt;/li&gt;&lt;li&gt;An instantiation is not reachable from entry points.&lt;/li&gt;&lt;/ul&gt;</description>
</problem>
  <problem>
  <file>file://$PROJECT_DIR$/src/main/java/com/softwareTest/timeline/Utility/Pair.java</file>
  <line>8</line>
  <module>timeline</module>
  <package>com.softwareTest.timeline.Utility</package>
  <entry_point TYPE="method" FQNAME="com.softwareTest.timeline.Utility.Pair Pair(K k, V v)" />
  <problem_class severity="WARNING" attribute_key="NOT_USED_ELEMENT_ATTRIBUTES">unused declaration</problem_class>
  <hints>
    <hint value="comment" />
    <hint value="delete" />
  </hints>
  <description>Constructor has usage(s) but they all belong to calls chain that has no members reachable from entry points.</description>
</problem>
  <problem>
  <file>file://$PROJECT_DIR$/src/main/java/com/softwareTest/timeline/Utility/Pair.java</file>
  <line>24</line>
  <module>timeline</module>
  <package>com.softwareTest.timeline.Utility</package>
  <entry_point TYPE="method" FQNAME="com.softwareTest.timeline.Utility.Pair V getValue()" />
  <problem_class severity="WARNING" attribute_key="NOT_USED_ELEMENT_ATTRIBUTES">unused declaration</problem_class>
  <hints>
    <hint value="comment" />
    <hint value="delete" />
  </hints>
  <description>&lt;ul&gt;&lt;li&gt;Method owner class is never instantiated OR&lt;/li&gt;&lt;li&gt;An instantiation is not reachable from entry points.&lt;/li&gt;&lt;/ul&gt;</description>
</problem>
  <problem>
  <file>file://$PROJECT_DIR$/src/main/java/com/softwareTest/timeline/Utility/Pair.java</file>
  <line>19</line>
  <module>timeline</module>
  <package>com.softwareTest.timeline.Utility</package>
  <entry_point TYPE="method" FQNAME="com.softwareTest.timeline.Utility.Pair void setKey(K key)" />
  <problem_class severity="WARNING" attribute_key="NOT_USED_ELEMENT_ATTRIBUTES">unused declaration</problem_class>
  <hints>
    <hint value="comment" />
    <hint value="delete" />
  </hints>
  <description>&lt;ul&gt;&lt;li&gt;Method owner class is never instantiated OR&lt;/li&gt;&lt;li&gt;An instantiation is not reachable from entry points.&lt;/li&gt;&lt;/ul&gt;</description>
</problem>
  <problem>
  <file>file://$PROJECT_DIR$/src/main/java/com/softwareTest/timeline/Utility/CryptoUtility.java</file>
  <line>277</line>
  <module>timeline</module>
  <package>com.softwareTest.timeline.Utility</package>
  <entry_point TYPE="method" FQNAME="com.softwareTest.timeline.Utility.CryptoUtility java.lang.String hexToStr(java.lang.String hex)" />
  <problem_class severity="WARNING" attribute_key="NOT_USED_ELEMENT_ATTRIBUTES">unused declaration</problem_class>
  <hints>
    <hint value="comment" />
    <hint value="delete" />
  </hints>
  <description>Method is never used.</description>
</problem>
  <problem>
  <file>file://$PROJECT_DIR$/src/main/java/com/softwareTest/timeline/Utility/CryptoUtility.java</file>
  <line>168</line>
  <module>timeline</module>
  <package>com.softwareTest.timeline.Utility</package>
  <entry_point TYPE="method" FQNAME="com.softwareTest.timeline.Utility.CryptoUtility java.lang.String RSADecrypt(java.security.PrivateKey privateKey, java.lang.String input)" />
  <problem_class severity="WARNING" attribute_key="NOT_USED_ELEMENT_ATTRIBUTES">unused declaration</problem_class>
  <hints>
    <hint value="comment" />
    <hint value="delete" />
  </hints>
  <description>Method is never used.</description>
</problem>
  <problem>
  <file>file://$PROJECT_DIR$/src/main/java/com/softwareTest/timeline/Utility/CryptoUtility.java</file>
  <line>233</line>
  <module>timeline</module>
  <package>com.softwareTest.timeline.Utility</package>
  <entry_point TYPE="method" FQNAME="com.softwareTest.timeline.Utility.CryptoUtility java.lang.String getPKCS1PublicKey(java.security.interfaces.RSAPublicKey publicKey)" />
  <problem_class severity="WARNING" attribute_key="NOT_USED_ELEMENT_ATTRIBUTES">unused declaration</problem_class>
  <hints>
    <hint value="comment" />
    <hint value="delete" />
  </hints>
  <description>Method is never used.</description>
</problem>
  <problem>
  <file>file://$PROJECT_DIR$/src/main/java/com/softwareTest/timeline/Utility/CryptoUtility.java</file>
  <line>191</line>
  <module>timeline</module>
  <package>com.softwareTest.timeline.Utility</package>
  <entry_point TYPE="method" FQNAME="com.softwareTest.timeline.Utility.CryptoUtility java.lang.String privateKeyToString(java.security.PrivateKey privateKey)" />
  <problem_class severity="WARNING" attribute_key="NOT_USED_ELEMENT_ATTRIBUTES">unused declaration</problem_class>
  <hints>
    <hint value="comment" />
    <hint value="delete" />
  </hints>
  <description>Method is never used.</description>
</problem>
  <problem>
  <file>file://$PROJECT_DIR$/src/main/java/com/softwareTest/timeline/Utility/CryptoUtility.java</file>
  <line>267</line>
  <module>timeline</module>
  <package>com.softwareTest.timeline.Utility</package>
  <entry_point TYPE="method" FQNAME="com.softwareTest.timeline.Utility.CryptoUtility java.lang.String strToHex(java.lang.String str)" />
  <problem_class severity="WARNING" attribute_key="NOT_USED_ELEMENT_ATTRIBUTES">unused declaration</problem_class>
  <hints>
    <hint value="comment" />
    <hint value="delete" />
  </hints>
  <description>Method is never used.</description>
</problem>
  <problem>
  <file>file://$PROJECT_DIR$/src/main/java/com/softwareTest/timeline/Utility/CryptoUtility.java</file>
  <line>110</line>
  <module>timeline</module>
  <package>com.softwareTest.timeline.Utility</package>
  <entry_point TYPE="method" FQNAME="com.softwareTest.timeline.Utility.CryptoUtility java.lang.String getRandomNumber(int length)" />
  <problem_class severity="WARNING" attribute_key="NOT_USED_ELEMENT_ATTRIBUTES">unused declaration</problem_class>
  <hints>
    <hint value="comment" />
    <hint value="delete" />
  </hints>
  <description>Method is never used.</description>
</problem>
  <problem>
  <file>file://$PROJECT_DIR$/src/main/java/com/softwareTest/timeline/Utility/CryptoUtility.java</file>
  <line>65</line>
  <module>timeline</module>
  <package>com.softwareTest.timeline.Utility</package>
  <entry_point TYPE="method" FQNAME="com.softwareTest.timeline.Utility.CryptoUtility java.lang.String AESEncrypt(java.lang.String input, java.lang.String key)" />
  <problem_class severity="WARNING" attribute_key="NOT_USED_ELEMENT_ATTRIBUTES">unused declaration</problem_class>
  <hints>
    <hint value="comment" />
    <hint value="delete" />
  </hints>
  <description>Method is never used.</description>
</problem>
  <problem>
  <file>file://$PROJECT_DIR$/src/main/java/com/softwareTest/timeline/Utility/CryptoUtility.java</file>
  <line>196</line>
  <module>timeline</module>
  <package>com.softwareTest.timeline.Utility</package>
  <entry_point TYPE="method" FQNAME="com.softwareTest.timeline.Utility.CryptoUtility java.security.PublicKey getPublicKeyFromString(java.lang.String input)" />
  <problem_class severity="WARNING" attribute_key="NOT_USED_ELEMENT_ATTRIBUTES">unused declaration</problem_class>
  <hints>
    <hint value="comment" />
    <hint value="delete" />
  </hints>
  <description>Method is never used.</description>
</problem>
  <problem>
  <file>file://$PROJECT_DIR$/src/main/java/com/softwareTest/timeline/Utility/CryptoUtility.java</file>
  <line>104</line>
  <module>timeline</module>
  <package>com.softwareTest.timeline.Utility</package>
  <entry_point TYPE="method" FQNAME="com.softwareTest.timeline.Utility.CryptoUtility java.lang.String getRandomString(int length)" />
  <problem_class severity="WARNING" attribute_key="NOT_USED_ELEMENT_ATTRIBUTES">unused declaration</problem_class>
  <hints>
    <hint value="comment" />
    <hint value="delete" />
  </hints>
  <description>Method is never used.</description>
</problem>
  <problem>
  <file>file://$PROJECT_DIR$/src/main/java/com/softwareTest/timeline/Utility/CryptoUtility.java</file>
  <line>84</line>
  <module>timeline</module>
  <package>com.softwareTest.timeline.Utility</package>
  <entry_point TYPE="method" FQNAME="com.softwareTest.timeline.Utility.CryptoUtility java.lang.String AESDecrypt(java.lang.String input, java.lang.String key)" />
  <problem_class severity="WARNING" attribute_key="NOT_USED_ELEMENT_ATTRIBUTES">unused declaration</problem_class>
  <hints>
    <hint value="comment" />
    <hint value="delete" />
  </hints>
  <description>Method is never used.</description>
</problem>
  <problem>
  <file>file://$PROJECT_DIR$/src/main/java/com/softwareTest/timeline/Utility/CryptoUtility.java</file>
  <line>41</line>
  <module>timeline</module>
  <package>com.softwareTest.timeline.Utility</package>
  <entry_point TYPE="method" FQNAME="com.softwareTest.timeline.Utility.CryptoUtility java.lang.String Sha2Encoder(java.lang.String input, java.lang.String salt)" />
  <problem_class severity="WARNING" attribute_key="NOT_USED_ELEMENT_ATTRIBUTES">unused declaration</problem_class>
  <hints>
    <hint value="comment" />
    <hint value="delete" />
  </hints>
  <description>Method is never used.</description>
</problem>
  <problem>
  <file>file://$PROJECT_DIR$/src/main/java/com/softwareTest/timeline/Utility/CryptoUtility.java</file>
  <line>150</line>
  <module>timeline</module>
  <package>com.softwareTest.timeline.Utility</package>
  <entry_point TYPE="method" FQNAME="com.softwareTest.timeline.Utility.CryptoUtility java.lang.String RSAEncrypt(java.security.PublicKey publicKey, java.lang.String input)" />
  <problem_class severity="WARNING" attribute_key="NOT_USED_ELEMENT_ATTRIBUTES">unused declaration</problem_class>
  <hints>
    <hint value="comment" />
    <hint value="delete" />
  </hints>
  <description>Method is never used.</description>
</problem>
  <problem>
  <file>file://$PROJECT_DIR$/src/main/java/com/softwareTest/timeline/Utility/CryptoUtility.java</file>
  <line>46</line>
  <module>timeline</module>
  <package>com.softwareTest.timeline.Utility</package>
  <entry_point TYPE="method" FQNAME="com.softwareTest.timeline.Utility.CryptoUtility java.lang.String generateAESKey()" />
  <problem_class severity="WARNING" attribute_key="NOT_USED_ELEMENT_ATTRIBUTES">unused declaration</problem_class>
  <hints>
    <hint value="comment" />
    <hint value="delete" />
  </hints>
  <description>Method is never used.</description>
</problem>
  <problem>
  <file>file://$PROJECT_DIR$/src/main/java/com/softwareTest/timeline/Utility/CryptoUtility.java</file>
  <line>255</line>
  <module>timeline</module>
  <package>com.softwareTest.timeline.Utility</package>
  <entry_point TYPE="method" FQNAME="com.softwareTest.timeline.Utility.CryptoUtility java.lang.String getHashedPassword(java.lang.String password, java.lang.String username, java.lang.String salt, int iterateTime)" />
  <problem_class severity="WARNING" attribute_key="NOT_USED_ELEMENT_ATTRIBUTES">unused declaration</problem_class>
  <hints>
    <hint value="comment" />
    <hint value="delete" />
  </hints>
  <description>Method is never used.</description>
</problem>
  <problem>
  <file>file://$PROJECT_DIR$/src/main/java/com/softwareTest/timeline/Utility/CryptoUtility.java</file>
  <line>186</line>
  <module>timeline</module>
  <package>com.softwareTest.timeline.Utility</package>
  <entry_point TYPE="method" FQNAME="com.softwareTest.timeline.Utility.CryptoUtility java.lang.String publicKeyToString(java.security.PublicKey publicKey)" />
  <problem_class severity="WARNING" attribute_key="NOT_USED_ELEMENT_ATTRIBUTES">unused declaration</problem_class>
  <hints>
    <hint value="comment" />
    <hint value="delete" />
  </hints>
  <description>Method is never used.</description>
</problem>
  <problem>
  <file>file://$PROJECT_DIR$/src/main/java/com/softwareTest/timeline/Utility/CryptoUtility.java</file>
  <line>212</line>
  <module>timeline</module>
  <package>com.softwareTest.timeline.Utility</package>
  <entry_point TYPE="method" FQNAME="com.softwareTest.timeline.Utility.CryptoUtility java.security.PrivateKey getPrivateKeyFromString(java.lang.String input)" />
  <problem_class severity="WARNING" attribute_key="NOT_USED_ELEMENT_ATTRIBUTES">unused declaration</problem_class>
  <hints>
    <hint value="comment" />
    <hint value="delete" />
  </hints>
  <description>Method is never used.</description>
</problem>
  <problem>
  <file>file://$PROJECT_DIR$/src/main/java/com/softwareTest/timeline/Utility/CryptoUtility.java</file>
  <line>129</line>
  <module>timeline</module>
  <package>com.softwareTest.timeline.Utility</package>
  <entry_point TYPE="method" FQNAME="com.softwareTest.timeline.Utility.CryptoUtility com.softwareTest.timeline.Utility.Pair&lt;java.security.interfaces.RSAPrivateKey,java.security.interfaces.RSAPublicKey&gt; generateRSAKey()" />
  <problem_class severity="WARNING" attribute_key="NOT_USED_ELEMENT_ATTRIBUTES">unused declaration</problem_class>
  <hints>
    <hint value="comment" />
    <hint value="delete" />
  </hints>
  <description>Method is never used.</description>
</problem>
  <problem>
  <file>file://$PROJECT_DIR$/src/main/java/com/softwareTest/timeline/Entity/UserInfo.java</file>
  <line>84</line>
  <module>timeline</module>
  <package>com.softwareTest.timeline.Entity</package>
  <entry_point TYPE="method" FQNAME="com.softwareTest.timeline.Entity.UserInfo void setLastLogin(java.util.Date lastLogin)" />
  <problem_class severity="WARNING" attribute_key="NOT_USED_ELEMENT_ATTRIBUTES">unused declaration</problem_class>
  <hints>
    <hint value="comment" />
    <hint value="delete" />
  </hints>
  <description>Method is never used.</description>
</problem>
  <problem>
  <file>file://$PROJECT_DIR$/src/main/java/com/softwareTest/timeline/Entity/UserInfo.java</file>
  <line>80</line>
  <module>timeline</module>
  <package>com.softwareTest.timeline.Entity</package>
  <entry_point TYPE="method" FQNAME="com.softwareTest.timeline.Entity.UserInfo java.util.Date getLastLogin()" />
  <problem_class severity="WARNING" attribute_key="NOT_USED_ELEMENT_ATTRIBUTES">unused declaration</problem_class>
  <hints>
    <hint value="comment" />
    <hint value="delete" />
  </hints>
  <description>Method is never used.</description>
</problem>
  <problem>
  <file>file://$PROJECT_DIR$/src/main/java/com/softwareTest/timeline/Entity/UserInfo.java</file>
  <line>71</line>
  <module>timeline</module>
  <package>com.softwareTest.timeline.Entity</package>
  <entry_point TYPE="method" FQNAME="com.softwareTest.timeline.Entity.UserInfo java.lang.String getSalt()" />
  <problem_class severity="WARNING" attribute_key="NOT_USED_ELEMENT_ATTRIBUTES">unused declaration</problem_class>
  <hints>
    <hint value="comment" />
    <hint value="delete" />
  </hints>
  <description>Method is never used.</description>
</problem>
  <problem>
  <file>file://$PROJECT_DIR$/src/main/java/com/softwareTest/timeline/Entity/UserInfo.java</file>
  <line>75</line>
  <module>timeline</module>
  <package>com.softwareTest.timeline.Entity</package>
  <entry_point TYPE="method" FQNAME="com.softwareTest.timeline.Entity.UserInfo void setSalt(java.lang.String salt)" />
  <problem_class severity="WARNING" attribute_key="NOT_USED_ELEMENT_ATTRIBUTES">unused declaration</problem_class>
  <hints>
    <hint value="comment" />
    <hint value="delete" />
  </hints>
  <description>Method is never used.</description>
</problem>
  <problem>
  <file>file://$PROJECT_DIR$/src/main/java/com/softwareTest/timeline/Entity/Content.java</file>
  <line>79</line>
  <module>timeline</module>
  <package>com.softwareTest.timeline.Entity</package>
  <entry_point TYPE="method" FQNAME="com.softwareTest.timeline.Entity.Content java.lang.String getDisplayName()" />
  <problem_class severity="WARNING" attribute_key="NOT_USED_ELEMENT_ATTRIBUTES">unused declaration</problem_class>
  <hints>
    <hint value="comment" />
    <hint value="delete" />
  </hints>
  <description>Method is never used.</description>
</problem>
  <problem>
  <file>file://$PROJECT_DIR$/src/main/java/com/softwareTest/timeline/Mapper/UserInfoMapper.java</file>
  <line>17</line>
  <module>timeline</module>
  <package>com.softwareTest.timeline.Mapper</package>
  <entry_point TYPE="method" FQNAME="com.softwareTest.timeline.Mapper.UserInfoMapper int insertSelective(com.softwareTest.timeline.Entity.UserInfo record)" />
  <problem_class severity="WARNING" attribute_key="NOT_USED_ELEMENT_ATTRIBUTES">unused declaration</problem_class>
  <hints>
    <hint value="comment" />
    <hint value="delete" />
  </hints>
  <description>Method is never used.</description>
</problem>
  <problem>
  <file>file://$PROJECT_DIR$/src/main/java/com/softwareTest/timeline/Mapper/UserInfoMapper.java</file>
  <line>21</line>
  <module>timeline</module>
  <package>com.softwareTest.timeline.Mapper</package>
  <entry_point TYPE="method" FQNAME="com.softwareTest.timeline.Mapper.UserInfoMapper int updateByPrimaryKeySelective(com.softwareTest.timeline.Entity.UserInfo record)" />
  <problem_class severity="WARNING" attribute_key="NOT_USED_ELEMENT_ATTRIBUTES">unused declaration</problem_class>
  <hints>
    <hint value="comment" />
    <hint value="delete" />
  </hints>
  <description>Method is never used.</description>
</problem>
  <problem>
  <file>file://$PROJECT_DIR$/src/main/java/com/softwareTest/timeline/Mapper/ContentMapper.java</file>
  <line>22</line>
  <module>timeline</module>
  <package>com.softwareTest.timeline.Mapper</package>
  <entry_point TYPE="method" FQNAME="com.softwareTest.timeline.Mapper.ContentMapper int updateByPrimaryKeySelective(com.softwareTest.timeline.Entity.Content record)" />
  <problem_class severity="WARNING" attribute_key="NOT_USED_ELEMENT_ATTRIBUTES">unused declaration</problem_class>
  <hints>
    <hint value="comment" />
    <hint value="delete" />
  </hints>
  <description>Method is never used.</description>
</problem>
  <problem>
  <file>file://$PROJECT_DIR$/src/main/java/com/softwareTest/timeline/Mapper/ContentMapper.java</file>
  <line>24</line>
  <module>timeline</module>
  <package>com.softwareTest.timeline.Mapper</package>
  <entry_point TYPE="method" FQNAME="com.softwareTest.timeline.Mapper.ContentMapper int updateByPrimaryKeyWithBLOBs(com.softwareTest.timeline.Entity.Content record)" />
  <problem_class severity="WARNING" attribute_key="NOT_USED_ELEMENT_ATTRIBUTES">unused declaration</problem_class>
  <hints>
    <hint value="comment" />
    <hint value="delete" />
  </hints>
  <description>Method is never used.</description>
</problem>
  <problem>
  <file>file://$PROJECT_DIR$/src/main/java/com/softwareTest/timeline/Mapper/ContentMapper.java</file>
  <line>20</line>
  <module>timeline</module>
  <package>com.softwareTest.timeline.Mapper</package>
  <entry_point TYPE="method" FQNAME="com.softwareTest.timeline.Mapper.ContentMapper com.softwareTest.timeline.Entity.Content selectByPrimaryKey(java.lang.Integer contentId)" />
  <problem_class severity="WARNING" attribute_key="NOT_USED_ELEMENT_ATTRIBUTES">unused declaration</problem_class>
  <hints>
    <hint value="comment" />
    <hint value="delete" />
  </hints>
  <description>Method is never used.</description>
</problem>
  <problem>
  <file>file://$PROJECT_DIR$/src/main/java/com/softwareTest/timeline/Mapper/ContentMapper.java</file>
  <line>18</line>
  <module>timeline</module>
  <package>com.softwareTest.timeline.Mapper</package>
  <entry_point TYPE="method" FQNAME="com.softwareTest.timeline.Mapper.ContentMapper int insertSelective(com.softwareTest.timeline.Entity.Content record)" />
  <problem_class severity="WARNING" attribute_key="NOT_USED_ELEMENT_ATTRIBUTES">unused declaration</problem_class>
  <hints>
    <hint value="comment" />
    <hint value="delete" />
  </hints>
  <description>Method is never used.</description>
</problem>
  <problem>
  <file>file://$PROJECT_DIR$/src/main/java/com/softwareTest/timeline/Service/ContentService.java</file>
  <line>19</line>
  <module>timeline</module>
  <package>com.softwareTest.timeline.Service</package>
  <entry_point TYPE="method" FQNAME="com.softwareTest.timeline.Service.ContentService java.util.List&lt;com.softwareTest.timeline.Entity.Content&gt; retrieveAll()" />
  <problem_class severity="WARNING" attribute_key="NOT_USED_ELEMENT_ATTRIBUTES">unused declaration</problem_class>
  <hints>
    <hint value="comment" />
    <hint value="delete" />
  </hints>
  <description>Method is never used.</description>
</problem>
  <problem>
  <file>file://$PROJECT_DIR$/src/main/java/com/softwareTest/timeline/Service/ContentService.java</file>
  <line>15</line>
  <module>timeline</module>
  <package>com.softwareTest.timeline.Service</package>
  <entry_point TYPE="method" FQNAME="com.softwareTest.timeline.Service.ContentService java.util.List&lt;com.softwareTest.timeline.Entity.Content&gt; retrieveContentByTime(java.sql.Timestamp date)" />
  <problem_class severity="WARNING" attribute_key="NOT_USED_ELEMENT_ATTRIBUTES">unused declaration</problem_class>
  <hints>
    <hint value="comment" />
    <hint value="delete" />
  </hints>
  <description>Method is never used.</description>
</problem>
  <problem>
  <file>file://$PROJECT_DIR$/src/main/java/com/softwareTest/timeline/Service/ContentService.java</file>
  <line>16</line>
  <module>timeline</module>
  <package>com.softwareTest.timeline.Service</package>
  <entry_point TYPE="method" FQNAME="com.softwareTest.timeline.Service.ContentService java.util.List&lt;com.softwareTest.timeline.Entity.Content&gt; retrieveContentAfterTime(java.sql.Timestamp date)" />
  <problem_class severity="WARNING" attribute_key="NOT_USED_ELEMENT_ATTRIBUTES">unused declaration</problem_class>
  <hints>
    <hint value="comment" />
    <hint value="delete" />
  </hints>
  <description>Method is never used.</description>
</problem>
  <problem>
  <file>file://$PROJECT_DIR$/src/main/java/com/softwareTest/timeline/Service/ContentService.java</file>
  <line>14</line>
  <module>timeline</module>
  <package>com.softwareTest.timeline.Service</package>
  <entry_point TYPE="method" FQNAME="com.softwareTest.timeline.Service.ContentService java.util.List&lt;com.softwareTest.timeline.Entity.Content&gt; retrieveContentByUserId(int userId)" />
  <problem_class severity="WARNING" attribute_key="NOT_USED_ELEMENT_ATTRIBUTES">unused declaration</problem_class>
  <hints>
    <hint value="comment" />
    <hint value="delete" />
  </hints>
  <description>Method is never used.</description>
</problem>
  <problem>
  <file>file://$PROJECT_DIR$/src/main/java/com/softwareTest/timeline/Service/ContentService.java</file>
  <line>23</line>
  <module>timeline</module>
  <package>com.softwareTest.timeline.Service</package>
  <entry_point TYPE="method" FQNAME="com.softwareTest.timeline.Service.ContentService void updateContentById(int contentId, com.softwareTest.timeline.Entity.Content newContent)" />
  <problem_class severity="WARNING" attribute_key="NOT_USED_ELEMENT_ATTRIBUTES">unused declaration</problem_class>
  <hints>
    <hint value="comment" />
    <hint value="delete" />
  </hints>
  <description>Method is never used.</description>
</problem>
  <problem>
  <file>file://$PROJECT_DIR$/src/main/java/com/softwareTest/timeline/Service/UserInfoService.java</file>
  <line>16</line>
  <module>timeline</module>
  <package>com.softwareTest.timeline.Service</package>
  <entry_point TYPE="method" FQNAME="com.softwareTest.timeline.Service.UserInfoService java.util.List&lt;com.softwareTest.timeline.Entity.UserInfo&gt; retrieveUserInfoByDisplayName(java.lang.String displayName)" />
  <problem_class severity="WARNING" attribute_key="NOT_USED_ELEMENT_ATTRIBUTES">unused declaration</problem_class>
  <hints>
    <hint value="comment" />
    <hint value="delete" />
  </hints>
  <description>Method is never used.</description>
</problem>
  <problem>
  <file>file://$PROJECT_DIR$/src/main/java/com/softwareTest/timeline/Service/UserInfoService.java</file>
  <line>23</line>
  <module>timeline</module>
  <package>com.softwareTest.timeline.Service</package>
  <entry_point TYPE="method" FQNAME="com.softwareTest.timeline.Service.UserInfoService void deleteUserInfoById(int userId)" />
  <problem_class severity="WARNING" attribute_key="NOT_USED_ELEMENT_ATTRIBUTES">unused declaration</problem_class>
  <hints>
    <hint value="comment" />
    <hint value="delete" />
  </hints>
  <description>Method is never used.</description>
</problem>
  <problem>
  <file>file://$PROJECT_DIR$/src/main/java/com/softwareTest/timeline/Service/UserInfoService.java</file>
  <line>21</line>
  <module>timeline</module>
  <package>com.softwareTest.timeline.Service</package>
  <entry_point TYPE="method" FQNAME="com.softwareTest.timeline.Service.UserInfoService boolean updateUserInfoById(int userId, com.softwareTest.timeline.Entity.UserInfo newUserInfo)" />
  <problem_class severity="WARNING" attribute_key="NOT_USED_ELEMENT_ATTRIBUTES">unused declaration</problem_class>
  <hints>
    <hint value="comment" />
    <hint value="delete" />
  </hints>
  <description>Method is never used.</description>
</problem>
  <problem>
  <file>file://$PROJECT_DIR$/src/main/java/com/softwareTest/timeline/Service/UserInfoService.java</file>
  <line>14</line>
  <module>timeline</module>
  <package>com.softwareTest.timeline.Service</package>
  <entry_point TYPE="method" FQNAME="com.softwareTest.timeline.Service.UserInfoService java.util.List&lt;com.softwareTest.timeline.Entity.UserInfo&gt; retrieveUserInfoByUserId(int userId)" />
  <problem_class severity="WARNING" attribute_key="NOT_USED_ELEMENT_ATTRIBUTES">unused declaration</problem_class>
  <hints>
    <hint value="comment" />
    <hint value="delete" />
  </hints>
  <description>Method is never used.</description>
</problem>
  <problem>
  <file>file://$PROJECT_DIR$/src/main/java/com/softwareTest/timeline/Service/Impl/UserInfoServiceImpl.java</file>
  <line>102</line>
  <module>timeline</module>
  <package>com.softwareTest.timeline.Service.Impl</package>
  <entry_point TYPE="method" FQNAME="com.softwareTest.timeline.Service.Impl.UserInfoServiceImpl boolean checkInfoLegal(com.softwareTest.timeline.Entity.UserInfo userInfo)" />
  <problem_class severity="WARNING" attribute_key="NOT_USED_ELEMENT_ATTRIBUTES">unused declaration</problem_class>
  <hints>
    <hint value="comment" />
    <hint value="delete" />
  </hints>
  <description>Method is never used.</description>
</problem>
  <problem>
  <file>file://$PROJECT_DIR$/src/main/java/com/softwareTest/timeline/Service/Impl/UserInfoServiceImpl.java</file>
  <line>20</line>
  <module>timeline</module>
  <package>com.softwareTest.timeline.Service.Impl</package>
  <entry_point TYPE="field" FQNAME="com.softwareTest.timeline.Service.Impl.UserInfoServiceImpl logger" />
  <problem_class severity="WARNING" attribute_key="NOT_USED_ELEMENT_ATTRIBUTES">unused declaration</problem_class>
  <hints>
    <hint value="comment" />
    <hint value="delete" />
  </hints>
  <description>Field has no usages.</description>
</problem>
  <problem>
  <file>file://$PROJECT_DIR$/src/main/java/com/softwareTest/timeline/Config/SpringSecurity/AjaxAuthenticationSuccessHandler.java</file>
  <line>28</line>
  <module>timeline</module>
  <package>com.softwareTest.timeline.Config.SpringSecurity</package>
  <entry_point TYPE="field" FQNAME="com.softwareTest.timeline.Config.SpringSecurity.AjaxAuthenticationSuccessHandler logger" />
  <problem_class severity="WARNING" attribute_key="NOT_USED_ELEMENT_ATTRIBUTES">unused declaration</problem_class>
  <hints>
    <hint value="comment" />
    <hint value="delete" />
  </hints>
  <description>Field has no usages.</description>
</problem>
  <problem>
  <file>file://$PROJECT_DIR$/src/main/java/com/softwareTest/timeline/Utility/JwtTokenUtil.java</file>
  <line>19</line>
  <module>timeline</module>
  <package>com.softwareTest.timeline.Utility</package>
  <entry_point TYPE="field" FQNAME="com.softwareTest.timeline.Utility.JwtTokenUtil logger" />
  <problem_class severity="WARNING" attribute_key="NOT_USED_ELEMENT_ATTRIBUTES">unused declaration</problem_class>
  <hints>
    <hint value="comment" />
    <hint value="delete" />
  </hints>
  <description>Field has no usages.</description>
</problem>
  <problem>
  <file>file://$PROJECT_DIR$/src/main/java/com/softwareTest/timeline/Utility/JwtTokenUtil.java</file>
  <line>70</line>
  <module>timeline</module>
  <package>com.softwareTest.timeline.Utility</package>
  <entry_point TYPE="method" FQNAME="com.softwareTest.timeline.Utility.JwtTokenUtil java.lang.String parseToken(java.lang.String token, java.lang.String salt)" />
  <problem_class severity="WARNING" attribute_key="NOT_USED_ELEMENT_ATTRIBUTES">Unused declaration</problem_class>
  <hints>
    <hint value="salt" />
  </hints>
  <description>Parameter &lt;code&gt;salt&lt;/code&gt; is not used in either this method or any of its derived methods</description>
</problem>
  <problem>
  <file>file://$PROJECT_DIR$/src/main/java/com/softwareTest/timeline/Utility/JwtTokenUtil.java</file>
  <line>43</line>
  <module>timeline</module>
  <package>com.softwareTest.timeline.Utility</package>
  <entry_point TYPE="method" FQNAME="com.softwareTest.timeline.Utility.JwtTokenUtil java.lang.String generateToken(java.lang.String subject, int expirationSeconds, java.lang.String salt)" />
  <problem_class severity="WARNING" attribute_key="NOT_USED_ELEMENT_ATTRIBUTES">Unused declaration</problem_class>
  <hints>
    <hint value="salt" />
  </hints>
  <description>Parameter &lt;code&gt;salt&lt;/code&gt; is not used in either this method or any of its derived methods</description>
</problem>
  <problem>
  <file>file://$PROJECT_DIR$/src/main/java/com/softwareTest/timeline/Config/Constants.java</file>
  <line>29</line>
  <module>timeline</module>
  <package>com.softwareTest.timeline.Config</package>
  <entry_point TYPE="field" FQNAME="com.softwareTest.timeline.Config.Constants AES_SESSION_KEY_HASH_KEY_NAME" />
  <problem_class severity="WARNING" attribute_key="NOT_USED_ELEMENT_ATTRIBUTES">unused declaration</problem_class>
  <hints>
    <hint value="comment" />
    <hint value="delete" />
  </hints>
  <description>Field has no usages.</description>
</problem>
  <problem>
  <file>file://$PROJECT_DIR$/src/main/java/com/softwareTest/timeline/Config/Constants.java</file>
  <line>33</line>
  <module>timeline</module>
  <package>com.softwareTest.timeline.Config</package>
  <entry_point TYPE="field" FQNAME="com.softwareTest.timeline.Config.Constants IGNORE_PATH" />
  <problem_class severity="WARNING" attribute_key="NOT_USED_ELEMENT_ATTRIBUTES">unused declaration</problem_class>
  <hints>
    <hint value="comment" />
    <hint value="delete" />
  </hints>
  <description>Field has no usages.</description>
</problem>
  <problem>
  <file>file://$PROJECT_DIR$/src/main/java/com/softwareTest/timeline/Config/Constants.java</file>
  <line>30</line>
  <module>timeline</module>
  <package>com.softwareTest.timeline.Config</package>
  <entry_point TYPE="field" FQNAME="com.softwareTest.timeline.Config.Constants AES_SESSION_KEY_EXPIRE_TIME" />
  <problem_class severity="WARNING" attribute_key="NOT_USED_ELEMENT_ATTRIBUTES">unused declaration</problem_class>
  <hints>
    <hint value="comment" />
    <hint value="delete" />
  </hints>
  <description>Field has no usages.</description>
</problem>
  <problem>
  <file>file://$PROJECT_DIR$/src/main/java/com/softwareTest/timeline/Config/Constants.java</file>
  <line>28</line>
  <module>timeline</module>
  <package>com.softwareTest.timeline.Config</package>
  <entry_point TYPE="field" FQNAME="com.softwareTest.timeline.Config.Constants TEMP_RSA_KEY_EXPIRE_TIME" />
  <problem_class severity="WARNING" attribute_key="NOT_USED_ELEMENT_ATTRIBUTES">unused declaration</problem_class>
  <hints>
    <hint value="comment" />
    <hint value="delete" />
  </hints>
  <description>Field has no usages.</description>
</problem>
  <problem>
  <file>file://$PROJECT_DIR$/src/main/java/com/softwareTest/timeline/Config/Constants.java</file>
  <line>27</line>
  <module>timeline</module>
  <package>com.softwareTest.timeline.Config</package>
  <entry_point TYPE="field" FQNAME="com.softwareTest.timeline.Config.Constants TEMP_RSA_KEY_HASH_KEY_NAME" />
  <problem_class severity="WARNING" attribute_key="NOT_USED_ELEMENT_ATTRIBUTES">unused declaration</problem_class>
  <hints>
    <hint value="comment" />
    <hint value="delete" />
  </hints>
  <description>Field has no usages.</description>
</problem>
  <problem>
  <file>file://$PROJECT_DIR$/src/main/java/com/softwareTest/timeline/Bean/AuthenticationBean.java</file>
  <line>26</line>
  <module>timeline</module>
  <package>com.softwareTest.timeline.Bean</package>
  <entry_point TYPE="method" FQNAME="com.softwareTest.timeline.Bean.AuthenticationBean void setPassword(java.lang.String password)" />
  <problem_class severity="WARNING" attribute_key="NOT_USED_ELEMENT_ATTRIBUTES">unused declaration</problem_class>
  <hints>
    <hint value="comment" />
    <hint value="delete" />
  </hints>
  <description>Method is never used.</description>
</problem>
  <problem>
  <file>file://$PROJECT_DIR$/src/main/java/com/softwareTest/timeline/Bean/AuthenticationBean.java</file>
  <line>16</line>
  <module>timeline</module>
  <package>com.softwareTest.timeline.Bean</package>
  <entry_point TYPE="method" FQNAME="com.softwareTest.timeline.Bean.AuthenticationBean void setUsername(java.lang.String username)" />
  <problem_class severity="WARNING" attribute_key="NOT_USED_ELEMENT_ATTRIBUTES">unused declaration</problem_class>
  <hints>
    <hint value="comment" />
    <hint value="delete" />
  </hints>
  <description>Method is never used.</description>
</problem>
  <problem>
  <file>file://$PROJECT_DIR$/src/main/java/com/softwareTest/timeline/Bean/QueryBean.java</file>
  <line>37</line>
  <module>timeline</module>
  <package>com.softwareTest.timeline.Bean</package>
  <entry_point TYPE="method" FQNAME="com.softwareTest.timeline.Bean.QueryBean void setStart(java.util.Date start)" />
  <problem_class severity="WARNING" attribute_key="NOT_USED_ELEMENT_ATTRIBUTES">unused declaration</problem_class>
  <hints>
    <hint value="comment" />
    <hint value="delete" />
  </hints>
  <description>Method is never used.</description>
</problem>
  <problem>
  <file>file://$PROJECT_DIR$/src/main/java/com/softwareTest/timeline/Bean/QueryBean.java</file>
  <line>22</line>
  <module>timeline</module>
  <package>com.softwareTest.timeline.Bean</package>
  <entry_point TYPE="method" FQNAME="com.softwareTest.timeline.Bean.QueryBean java.lang.Integer getUser_id()" />
  <problem_class severity="WARNING" attribute_key="NOT_USED_ELEMENT_ATTRIBUTES">unused declaration</problem_class>
  <hints>
    <hint value="comment" />
    <hint value="delete" />
  </hints>
  <description>Method is never used.</description>
</problem>
  <problem>
  <file>file://$PROJECT_DIR$/src/main/java/com/softwareTest/timeline/Bean/QueryBean.java</file>
  <line>67</line>
  <module>timeline</module>
  <package>com.softwareTest.timeline.Bean</package>
  <entry_point TYPE="method" FQNAME="com.softwareTest.timeline.Bean.QueryBean void setNumberToRetrieve(java.lang.Integer numberToRetrieve)" />
  <problem_class severity="WARNING" attribute_key="NOT_USED_ELEMENT_ATTRIBUTES">unused declaration</problem_class>
  <hints>
    <hint value="comment" />
    <hint value="delete" />
  </hints>
  <description>Method is never used.</description>
</problem>
  <problem>
  <file>file://$PROJECT_DIR$/src/main/java/com/softwareTest/timeline/Bean/QueryBean.java</file>
  <line>27</line>
  <module>timeline</module>
  <package>com.softwareTest.timeline.Bean</package>
  <entry_point TYPE="method" FQNAME="com.softwareTest.timeline.Bean.QueryBean void setUser_id(java.lang.Integer user_id)" />
  <problem_class severity="WARNING" attribute_key="NOT_USED_ELEMENT_ATTRIBUTES">unused declaration</problem_class>
  <hints>
    <hint value="comment" />
    <hint value="delete" />
  </hints>
  <description>Method is never used.</description>
</problem>
  <problem>
  <file>file://$PROJECT_DIR$/src/main/java/com/softwareTest/timeline/Bean/QueryBean.java</file>
  <line>47</line>
  <module>timeline</module>
  <package>com.softwareTest.timeline.Bean</package>
  <entry_point TYPE="method" FQNAME="com.softwareTest.timeline.Bean.QueryBean void setEnd(java.util.Date end)" />
  <problem_class severity="WARNING" attribute_key="NOT_USED_ELEMENT_ATTRIBUTES">unused declaration</problem_class>
  <hints>
    <hint value="comment" />
    <hint value="delete" />
  </hints>
  <description>Method is never used.</description>
</problem>
  <problem>
  <file>file://$PROJECT_DIR$/src/main/java/com/softwareTest/timeline/Bean/QueryBean.java</file>
  <line>57</line>
  <module>timeline</module>
  <package>com.softwareTest.timeline.Bean</package>
  <entry_point TYPE="method" FQNAME="com.softwareTest.timeline.Bean.QueryBean void setContentStartId(java.lang.Integer contentStartId)" />
  <problem_class severity="WARNING" attribute_key="NOT_USED_ELEMENT_ATTRIBUTES">unused declaration</problem_class>
  <hints>
    <hint value="comment" />
    <hint value="delete" />
  </hints>
  <description>Method is never used.</description>
</problem>
  <problem>
  <file>file://$PROJECT_DIR$/src/main/java/com/softwareTest/timeline/Bean/ResponseBody.java</file>
  <line>38</line>
  <module>timeline</module>
  <package>com.softwareTest.timeline.Bean</package>
  <entry_point TYPE="method" FQNAME="com.softwareTest.timeline.Bean.ResponseBody java.lang.Object getResult()" />
  <problem_class severity="WARNING" attribute_key="NOT_USED_ELEMENT_ATTRIBUTES">unused declaration</problem_class>
  <hints>
    <hint value="comment" />
    <hint value="delete" />
  </hints>
  <description>Method is never used.</description>
</problem>
  <problem>
  <file>file://$PROJECT_DIR$/src/main/java/com/softwareTest/timeline/Bean/ResponseBody.java</file>
  <line>18</line>
  <module>timeline</module>
  <package>com.softwareTest.timeline.Bean</package>
  <entry_point TYPE="method" FQNAME="com.softwareTest.timeline.Bean.ResponseBody java.lang.String getStatus()" />
  <problem_class severity="WARNING" attribute_key="NOT_USED_ELEMENT_ATTRIBUTES">unused declaration</problem_class>
  <hints>
    <hint value="comment" />
    <hint value="delete" />
  </hints>
  <description>Method is never used.</description>
</problem>
  <problem>
  <file>file://$PROJECT_DIR$/src/main/java/com/softwareTest/timeline/Bean/ResponseBody.java</file>
  <line>28</line>
  <module>timeline</module>
  <package>com.softwareTest.timeline.Bean</package>
  <entry_point TYPE="method" FQNAME="com.softwareTest.timeline.Bean.ResponseBody java.lang.String getMsg()" />
  <problem_class severity="WARNING" attribute_key="NOT_USED_ELEMENT_ATTRIBUTES">unused declaration</problem_class>
  <hints>
    <hint value="comment" />
    <hint value="delete" />
  </hints>
  <description>Method is never used.</description>
</problem>
  <problem>
  <file>file://$PROJECT_DIR$/src/main/java/com/softwareTest/timeline/Bean/ResponseBody.java</file>
  <line>48</line>
  <module>timeline</module>
  <package>com.softwareTest.timeline.Bean</package>
  <entry_point TYPE="method" FQNAME="com.softwareTest.timeline.Bean.ResponseBody java.lang.String getJwtToken()" />
  <problem_class severity="WARNING" attribute_key="NOT_USED_ELEMENT_ATTRIBUTES">unused declaration</problem_class>
  <hints>
    <hint value="comment" />
    <hint value="delete" />
  </hints>
  <description>Method is never used.</description>
</problem>
  <problem>
  <file>file://$PROJECT_DIR$/src/main/java/com/softwareTest/timeline/Utility/JsonVisibilityLevel.java</file>
  <line>5</line>
  <module>timeline</module>
  <package>com.softwareTest.timeline.Utility</package>
  <entry_point TYPE="class" FQNAME="com.softwareTest.timeline.Utility.JsonVisibilityLevel" />
  <problem_class severity="WARNING" attribute_key="NOT_USED_ELEMENT_ATTRIBUTES">unused declaration</problem_class>
  <hints>
    <hint value="comment" />
    <hint value="delete" />
  </hints>
  <description>Class is not instantiated.</description>
</problem>
</problems>