<problems>
  <problem>
  <file>file://$PROJECT_DIR$/src/main/java/com/softwareTest/timeline/TimelineApplication.java</file>
  <line>3</line>
  <module>timeline</module>
  <package>com.softwareTest.timeline</package>
  <entry_point TYPE="file" FQNAME="file://$PROJECT_DIR$/src/main/java/com/softwareTest/timeline/TimelineApplication.java" />
  <problem_class severity="WARNING" attribute_key="WARNING_ATTRIBUTES">Unused import</problem_class>
  <hints />
  <description>Unused import &lt;code&gt;import com.softwareTest.timeline.Utility.CryptoUtility;&lt;/code&gt; #loc</description>
</problem>
  <problem>
  <file>file://$PROJECT_DIR$/src/main/java/com/softwareTest/timeline/Service/ContentService.java</file>
  <line>4</line>
  <module>timeline</module>
  <package>com.softwareTest.timeline.Service</package>
  <entry_point TYPE="file" FQNAME="file://$PROJECT_DIR$/src/main/java/com/softwareTest/timeline/Service/ContentService.java" />
  <problem_class severity="WARNING" attribute_key="WARNING_ATTRIBUTES">Unused import</problem_class>
  <hints />
  <description>Unused import &lt;code&gt;import org.springframework.stereotype.Component;&lt;/code&gt; #loc</description>
</problem>
  <problem>
  <file>file://$PROJECT_DIR$/src/main/java/com/softwareTest/timeline/Service/UserInfoService.java</file>
  <line>8</line>
  <module>timeline</module>
  <package>com.softwareTest.timeline.Service</package>
  <entry_point TYPE="file" FQNAME="file://$PROJECT_DIR$/src/main/java/com/softwareTest/timeline/Service/UserInfoService.java" />
  <problem_class severity="WARNING" attribute_key="WARNING_ATTRIBUTES">Unused import</problem_class>
  <hints />
  <description>Unused import &lt;code&gt;import java.sql.Date;&lt;/code&gt; #loc</description>
</problem>
  <problem>
  <file>file://$PROJECT_DIR$/src/main/java/com/softwareTest/timeline/Service/UserInfoService.java</file>
  <line>6</line>
  <module>timeline</module>
  <package>com.softwareTest.timeline.Service</package>
  <entry_point TYPE="file" FQNAME="file://$PROJECT_DIR$/src/main/java/com/softwareTest/timeline/Service/UserInfoService.java" />
  <problem_class severity="WARNING" attribute_key="WARNING_ATTRIBUTES">Unused import</problem_class>
  <hints />
  <description>Unused import &lt;code&gt;import org.springframework.stereotype.Service;&lt;/code&gt; #loc</description>
</problem>
  <problem>
  <file>file://$PROJECT_DIR$/src/main/java/com/softwareTest/timeline/Service/UserInfoService.java</file>
  <line>5</line>
  <module>timeline</module>
  <package>com.softwareTest.timeline.Service</package>
  <entry_point TYPE="file" FQNAME="file://$PROJECT_DIR$/src/main/java/com/softwareTest/timeline/Service/UserInfoService.java" />
  <problem_class severity="WARNING" attribute_key="WARNING_ATTRIBUTES">Unused import</problem_class>
  <hints />
  <description>Unused import &lt;code&gt;import org.springframework.stereotype.Component;&lt;/code&gt; #loc</description>
</problem>
  <problem>
  <file>file://$PROJECT_DIR$/src/main/java/com/softwareTest/timeline/Service/Impl/ContentServiceImpl.java</file>
  <line>10</line>
  <module>timeline</module>
  <package>com.softwareTest.timeline.Service.Impl</package>
  <entry_point TYPE="file" FQNAME="file://$PROJECT_DIR$/src/main/java/com/softwareTest/timeline/Service/Impl/ContentServiceImpl.java" />
  <problem_class severity="WARNING" attribute_key="WARNING_ATTRIBUTES">Unused import</problem_class>
  <hints />
  <description>Unused import &lt;code&gt;import java.sql.Date;&lt;/code&gt; #loc</description>
</problem>
  <problem>
  <file>file://$PROJECT_DIR$/src/main/java/com/softwareTest/timeline/Service/Impl/UserInfoServiceImpl.java</file>
  <line>12</line>
  <module>timeline</module>
  <package>com.softwareTest.timeline.Service.Impl</package>
  <entry_point TYPE="file" FQNAME="file://$PROJECT_DIR$/src/main/java/com/softwareTest/timeline/Service/Impl/UserInfoServiceImpl.java" />
  <problem_class severity="WARNING" attribute_key="WARNING_ATTRIBUTES">Unused import</problem_class>
  <hints />
  <description>Unused import &lt;code&gt;import javax.validation.Valid;&lt;/code&gt; #loc</description>
</problem>
  <problem>
  <file>file://$PROJECT_DIR$/src/main/java/com/softwareTest/timeline/Service/Impl/UserInfoServiceImpl.java</file>
  <line>3</line>
  <module>timeline</module>
  <package>com.softwareTest.timeline.Service.Impl</package>
  <entry_point TYPE="file" FQNAME="file://$PROJECT_DIR$/src/main/java/com/softwareTest/timeline/Service/Impl/UserInfoServiceImpl.java" />
  <problem_class severity="WARNING" attribute_key="WARNING_ATTRIBUTES">Unused import</problem_class>
  <hints />
  <description>Unused import &lt;code&gt;import com.softwareTest.timeline.Config.SpringSecurity.JsonCustomAuthenticationFilter;&lt;/code&gt; #loc</description>
</problem>
  <problem>
  <file>file://$PROJECT_DIR$/src/main/java/com/softwareTest/timeline/Controller/ContentApiController.java</file>
  <line>22</line>
  <module>timeline</module>
  <package>com.softwareTest.timeline.Controller</package>
  <entry_point TYPE="file" FQNAME="file://$PROJECT_DIR$/src/main/java/com/softwareTest/timeline/Controller/ContentApiController.java" />
  <problem_class severity="WARNING" attribute_key="WARNING_ATTRIBUTES">Unused import</problem_class>
  <hints />
  <description>Unused import &lt;code&gt;import java.sql.Date;&lt;/code&gt; #loc</description>
</problem>
  <problem>
  <file>file://$PROJECT_DIR$/src/main/java/com/softwareTest/timeline/Config/SpringSecurityConfig.java</file>
  <line>10</line>
  <module>timeline</module>
  <package>com.softwareTest.timeline.Config</package>
  <entry_point TYPE="file" FQNAME="file://$PROJECT_DIR$/src/main/java/com/softwareTest/timeline/Config/SpringSecurityConfig.java" />
  <problem_class severity="WARNING" attribute_key="WARNING_ATTRIBUTES">Unused import</problem_class>
  <hints />
  <description>Unused import &lt;code&gt;import org.springframework.security.config.annotation.web.builders.WebSecurity;&lt;/code&gt; #loc</description>
</problem>
  <problem>
  <file>file://$PROJECT_DIR$/src/main/java/com/softwareTest/timeline/Config/SpringSecurity/JwtAuthenticationTokenFilter.java</file>
  <line>22</line>
  <module>timeline</module>
  <package>com.softwareTest.timeline.Config.SpringSecurity</package>
  <entry_point TYPE="file" FQNAME="file://$PROJECT_DIR$/src/main/java/com/softwareTest/timeline/Config/SpringSecurity/JwtAuthenticationTokenFilter.java" />
  <problem_class severity="WARNING" attribute_key="WARNING_ATTRIBUTES">Unused import</problem_class>
  <hints />
  <description>Unused import &lt;code&gt;import static com.softwareTest.timeline.Config.Constants.IGNORE_PATH;&lt;/code&gt; #loc</description>
</problem>
  <problem>
  <file>file://$PROJECT_DIR$/src/main/java/com/softwareTest/timeline/Config/SpringSecurity/JsonCustomAuthenticationFilter.java</file>
  <line>19</line>
  <module>timeline</module>
  <package>com.softwareTest.timeline.Config.SpringSecurity</package>
  <entry_point TYPE="file" FQNAME="file://$PROJECT_DIR$/src/main/java/com/softwareTest/timeline/Config/SpringSecurity/JsonCustomAuthenticationFilter.java" />
  <problem_class severity="WARNING" attribute_key="WARNING_ATTRIBUTES">Unused import</problem_class>
  <hints />
  <description>Unused import &lt;code&gt;import static com.softwareTest.timeline.Config.Constants.IGNORE_PATH;&lt;/code&gt; #loc</description>
</problem>
  <problem>
  <file>file://$PROJECT_DIR$/src/main/java/com/softwareTest/timeline/Config/SpringSecurity/JsonCustomAuthenticationFilter.java</file>
  <line>17</line>
  <module>timeline</module>
  <package>com.softwareTest.timeline.Config.SpringSecurity</package>
  <entry_point TYPE="file" FQNAME="file://$PROJECT_DIR$/src/main/java/com/softwareTest/timeline/Config/SpringSecurity/JsonCustomAuthenticationFilter.java" />
  <problem_class severity="WARNING" attribute_key="WARNING_ATTRIBUTES">Unused import</problem_class>
  <hints />
  <description>Unused import &lt;code&gt;import java.util.Set;&lt;/code&gt; #loc</description>
</problem>
  <problem>
  <file>file://$PROJECT_DIR$/src/test/java/com/softwareTest/timeline/Controller/ContentApiControllerTest.java</file>
  <line>38</line>
  <module>timeline</module>
  <package>com.softwareTest.timeline.Controller</package>
  <entry_point TYPE="file" FQNAME="file://$PROJECT_DIR$/src/test/java/com/softwareTest/timeline/Controller/ContentApiControllerTest.java" />
  <problem_class severity="WARNING" attribute_key="WARNING_ATTRIBUTES">Unused import</problem_class>
  <hints />
  <description>Unused import &lt;code&gt;import static org.springframework.test.web.servlet.result.MockMvcResultMatchers.status;&lt;/code&gt; #loc</description>
</problem>
  <problem>
  <file>file://$PROJECT_DIR$/src/test/java/com/softwareTest/timeline/Controller/ContentApiControllerTest.java</file>
  <line>37</line>
  <module>timeline</module>
  <package>com.softwareTest.timeline.Controller</package>
  <entry_point TYPE="file" FQNAME="file://$PROJECT_DIR$/src/test/java/com/softwareTest/timeline/Controller/ContentApiControllerTest.java" />
  <problem_class severity="WARNING" attribute_key="WARNING_ATTRIBUTES">Unused import</problem_class>
  <hints />
  <description>Unused import &lt;code&gt;import static org.springframework.test.web.servlet.result.MockMvcResultMatchers.content;&lt;/code&gt; #loc</description>
</problem>
  <problem>
  <file>file://$PROJECT_DIR$/src/test/java/com/softwareTest/timeline/Controller/ContentApiControllerTest.java</file>
  <line>36</line>
  <module>timeline</module>
  <package>com.softwareTest.timeline.Controller</package>
  <entry_point TYPE="file" FQNAME="file://$PROJECT_DIR$/src/test/java/com/softwareTest/timeline/Controller/ContentApiControllerTest.java" />
  <problem_class severity="WARNING" attribute_key="WARNING_ATTRIBUTES">Unused import</problem_class>
  <hints />
  <description>Unused import &lt;code&gt;import static org.springframework.test.web.servlet.result.MockMvcResultHandlers.print;&lt;/code&gt; #loc</description>
</problem>
  <problem>
  <file>file://$PROJECT_DIR$/src/test/java/com/softwareTest/timeline/Controller/ContentApiControllerTest.java</file>
  <line>35</line>
  <module>timeline</module>
  <package>com.softwareTest.timeline.Controller</package>
  <entry_point TYPE="file" FQNAME="file://$PROJECT_DIR$/src/test/java/com/softwareTest/timeline/Controller/ContentApiControllerTest.java" />
  <problem_class severity="WARNING" attribute_key="WARNING_ATTRIBUTES">Unused import</problem_class>
  <hints />
  <description>Unused import &lt;code&gt;import static org.springframework.test.web.servlet.request.MockMvcRequestBuilders.post;&lt;/code&gt; #loc</description>
</problem>
  <problem>
  <file>file://$PROJECT_DIR$/src/test/java/com/softwareTest/timeline/Controller/ContentApiControllerTest.java</file>
  <line>27</line>
  <module>timeline</module>
  <package>com.softwareTest.timeline.Controller</package>
  <entry_point TYPE="file" FQNAME="file://$PROJECT_DIR$/src/test/java/com/softwareTest/timeline/Controller/ContentApiControllerTest.java" />
  <problem_class severity="WARNING" attribute_key="WARNING_ATTRIBUTES">Unused import</problem_class>
  <hints />
  <description>Unused import &lt;code&gt;import java.sql.Date;&lt;/code&gt; #loc</description>
</problem>
  <problem>
  <file>file://$PROJECT_DIR$/src/test/java/com/softwareTest/timeline/Controller/ContentApiControllerTest.java</file>
  <line>23</line>
  <module>timeline</module>
  <package>com.softwareTest.timeline.Controller</package>
  <entry_point TYPE="file" FQNAME="file://$PROJECT_DIR$/src/test/java/com/softwareTest/timeline/Controller/ContentApiControllerTest.java" />
  <problem_class severity="WARNING" attribute_key="WARNING_ATTRIBUTES">Unused import</problem_class>
  <hints />
  <description>Unused import &lt;code&gt;import org.springframework.test.web.servlet.setup.MockMvcBuilders;&lt;/code&gt; #loc</description>
</problem>
  <problem>
  <file>file://$PROJECT_DIR$/src/test/java/com/softwareTest/timeline/Controller/ContentApiControllerTest.java</file>
  <line>22</line>
  <module>timeline</module>
  <package>com.softwareTest.timeline.Controller</package>
  <entry_point TYPE="file" FQNAME="file://$PROJECT_DIR$/src/test/java/com/softwareTest/timeline/Controller/ContentApiControllerTest.java" />
  <problem_class severity="WARNING" attribute_key="WARNING_ATTRIBUTES">Unused import</problem_class>
  <hints />
  <description>Unused import &lt;code&gt;import org.springframework.test.web.servlet.MvcResult;&lt;/code&gt; #loc</description>
</problem>
  <problem>
  <file>file://$PROJECT_DIR$/src/test/java/com/softwareTest/timeline/Controller/ContentApiControllerTest.java</file>
  <line>21</line>
  <module>timeline</module>
  <package>com.softwareTest.timeline.Controller</package>
  <entry_point TYPE="file" FQNAME="file://$PROJECT_DIR$/src/test/java/com/softwareTest/timeline/Controller/ContentApiControllerTest.java" />
  <problem_class severity="WARNING" attribute_key="WARNING_ATTRIBUTES">Unused import</problem_class>
  <hints />
  <description>Unused import &lt;code&gt;import org.springframework.test.web.servlet.MockMvc;&lt;/code&gt; #loc</description>
</problem>
  <problem>
  <file>file://$PROJECT_DIR$/src/test/java/com/softwareTest/timeline/Controller/ContentApiControllerTest.java</file>
  <line>19</line>
  <module>timeline</module>
  <package>com.softwareTest.timeline.Controller</package>
  <entry_point TYPE="file" FQNAME="file://$PROJECT_DIR$/src/test/java/com/softwareTest/timeline/Controller/ContentApiControllerTest.java" />
  <problem_class severity="WARNING" attribute_key="WARNING_ATTRIBUTES">Unused import</problem_class>
  <hints />
  <description>Unused import &lt;code&gt;import org.springframework.http.MediaType;&lt;/code&gt; #loc</description>
</problem>
  <problem>
  <file>file://$PROJECT_DIR$/src/test/java/com/softwareTest/timeline/Controller/ContentApiControllerTest.java</file>
  <line>4</line>
  <module>timeline</module>
  <package>com.softwareTest.timeline.Controller</package>
  <entry_point TYPE="file" FQNAME="file://$PROJECT_DIR$/src/test/java/com/softwareTest/timeline/Controller/ContentApiControllerTest.java" />
  <problem_class severity="WARNING" attribute_key="WARNING_ATTRIBUTES">Unused import</problem_class>
  <hints />
  <description>Unused import &lt;code&gt;import com.fasterxml.jackson.databind.JavaType;&lt;/code&gt; #loc</description>
</problem>
  <problem>
  <file>file://$PROJECT_DIR$/src/test/java/com/softwareTest/timeline/Controller/RegisterControllerTest.java</file>
  <line>18</line>
  <module>timeline</module>
  <package>com.softwareTest.timeline.Controller</package>
  <entry_point TYPE="file" FQNAME="file://$PROJECT_DIR$/src/test/java/com/softwareTest/timeline/Controller/RegisterControllerTest.java" />
  <problem_class severity="WARNING" attribute_key="WARNING_ATTRIBUTES">Unused import</problem_class>
  <hints />
  <description>Unused import &lt;code&gt;import java.util.List;&lt;/code&gt; #loc</description>
</problem>
</problems>