<problems>
  <problem>
  <file>file://$PROJECT_DIR$/src/main/java/com/softwareTest/timeline/Config/SpringSecurity/JsonCustomAuthenticationFilter.java</file>
  <line>40</line>
  <module>timeline</module>
  <package>com.softwareTest.timeline.Config.SpringSecurity</package>
  <entry_point TYPE="method" FQNAME="com.softwareTest.timeline.Config.SpringSecurity.JsonCustomAuthenticationFilter org.springframework.security.core.Authentication attemptAuthentication(javax.servlet.http.HttpServletRequest request, javax.servlet.http.HttpServletResponse response)" />
  <problem_class severity="WARNING" attribute_key="NOT_USED_ELEMENT_ATTRIBUTES">Unused assignment</problem_class>
  <description>Variable &lt;code&gt;authRequest&lt;/code&gt; initializer &lt;code&gt;null&lt;/code&gt; is redundant</description>
</problem>
  <problem>
  <file>file://$PROJECT_DIR$/src/test/java/com/softwareTest/timeline/Controller/ContentApiControllerTest.java</file>
  <line>121</line>
  <module>timeline</module>
  <package>com.softwareTest.timeline.Controller</package>
  <entry_point TYPE="method" FQNAME="com.softwareTest.timeline.Controller.ContentApiControllerTest void test_createContent_AND_deleteContentById_success()" />
  <problem_class severity="WARNING" attribute_key="NOT_USED_ELEMENT_ATTRIBUTES">Unused assignment</problem_class>
  <description>Variable &lt;code&gt;result&lt;/code&gt; initializer &lt;code&gt;controller.createContent(content,bindingResult)&lt;/code&gt; is redundant</description>
</problem>
</problems>