<problems>
  <problem>
  <file>file://$PROJECT_DIR$/src/main/java/com/softwareTest/timeline/Utility/CryptoUtility.java</file>
  <line>302</line>
  <module>timeline</module>
  <package>com.softwareTest.timeline.Utility</package>
  <entry_point TYPE="method" FQNAME="com.softwareTest.timeline.Utility.CryptoUtility java.lang.String bytesToHex(byte[] bytes)" />
  <problem_class severity="WARNING" attribute_key="WARNING_ATTRIBUTES">Declaration access can be weaker</problem_class>
  <hints>
    <hint value="private" />
  </hints>
  <description>Can be private</description>
</problem>
  <problem>
  <file>file://$PROJECT_DIR$/src/main/java/com/softwareTest/timeline/Utility/CryptoUtility.java</file>
  <line>287</line>
  <module>timeline</module>
  <package>com.softwareTest.timeline.Utility</package>
  <entry_point TYPE="method" FQNAME="com.softwareTest.timeline.Utility.CryptoUtility byte[] hexToBytes(java.lang.String hex)" />
  <problem_class severity="WARNING" attribute_key="WARNING_ATTRIBUTES">Declaration access can be weaker</problem_class>
  <hints>
    <hint value="private" />
  </hints>
  <description>Can be private</description>
</problem>
  <problem>
  <file>file://$PROJECT_DIR$/src/main/java/com/softwareTest/timeline/Utility/MybatisGeneratorUtility.java</file>
  <line>13</line>
  <module>timeline</module>
  <package>com.softwareTest.timeline.Utility</package>
  <entry_point TYPE="class" FQNAME="com.softwareTest.timeline.Utility.MybatisGeneratorUtility" />
  <problem_class severity="WARNING" attribute_key="WARNING_ATTRIBUTES">Declaration access can be weaker</problem_class>
  <hints>
    <hint value="packageLocal" />
  </hints>
  <description>Can be package-private</description>
</problem>
  <problem>
  <file>file://$PROJECT_DIR$/src/main/java/com/softwareTest/timeline/Config/SpringSecurity/AjaxHandlerCommons.java</file>
  <line>7</line>
  <module>timeline</module>
  <package>com.softwareTest.timeline.Config.SpringSecurity</package>
  <entry_point TYPE="class" FQNAME="com.softwareTest.timeline.Config.SpringSecurity.AjaxHandlerCommons" />
  <problem_class severity="WARNING" attribute_key="WARNING_ATTRIBUTES">Declaration access can be weaker</problem_class>
  <hints>
    <hint value="packageLocal" />
  </hints>
  <description>Can be package-private</description>
</problem>
  <problem>
  <file>file://$PROJECT_DIR$/src/main/java/com/softwareTest/timeline/Config/SpringSecurity/CustomUserDetails.java</file>
  <line>10</line>
  <module>timeline</module>
  <package>com.softwareTest.timeline.Config.SpringSecurity</package>
  <entry_point TYPE="class" FQNAME="com.softwareTest.timeline.Config.SpringSecurity.CustomUserDetails" />
  <problem_class severity="WARNING" attribute_key="WARNING_ATTRIBUTES">Declaration access can be weaker</problem_class>
  <hints>
    <hint value="packageLocal" />
  </hints>
  <description>Can be package-private</description>
</problem>
</problems>